[
{
  "model": "core.user",
  "fields": {
    "password": "pbkdf2_sha256$720000$NsXz1JAdoczaTggvm8Rkn1$s9WZtIS5+UIcjz0PXObNKY6Xg7CBy7nY86ut4pyZtQw=",
    "last_login": "2025-05-23T19:56:54.819Z",
    "is_superuser": true,
    "username": "admin",
    "email": "admin@example.com",
    "role": "admin",
    "is_active": true,
    "is_staff": true,
    "created_at": "2025-05-12T20:50:36.714Z",
    "updated_at": "2025-05-12T20:50:36.714Z",
    "groups": [],
    "user_permissions": []
  }
},
{
  "model": "core.user",
  "fields": {
    "password": "pbkdf2_sha256$720000$Y9eyGbF0fJvqfSdz4aiSUp$iknpuP00HF55WBab9CSwNUF+yCcid7jLoFkI8J5230k=",
    "last_login": null,
    "is_superuser": false,
    "username": "doctor",
    "email": "doctor@example.com",
    "role": "doctor",
    "is_active": true,
    "is_staff": false,
    "created_at": "2025-05-12T20:50:38.831Z",
    "updated_at": "2025-05-12T20:50:38.831Z",
    "groups": [],
    "user_permissions": []
  }
},
{
  "model": "core.user",
  "fields": {
    "password": "pbkdf2_sha256$720000$wYjLncwkIV8zmnUiJERrwq$z5fXgp2c1f2zlEa9dML+J5bz/qrMEkJjQjcNZbEMiIM=",
    "last_login": null,
    "is_superuser": false,
    "username": "staff",
    "email": "staff@example.com",
    "role": "staff",
    "is_active": true,
    "is_staff": false,
    "created_at": "2025-05-12T20:50:42.157Z",
    "updated_at": "2025-05-12T20:50:42.158Z",
    "groups": [],
    "user_permissions": []
  }
},
{
  "model": "core.hospital",
  "pk": 1,
  "fields": {
    "name": "مجمع عيادات بسمة الرياض الطبي",
    "name_en": "Basma Al -Riyadh Medical Clinics Complex",
    "address": "الرياض، المملكة العربية السعودية",
    "address_en": "Riyadh, Saudi Arabia",
    "contact_info": "011-1234567",
    "logo": "hospitals/logos/narges_medical_logo.png",
    "created_at": "2025-05-12T20:50:42.162Z",
    "updated_at": "2025-05-20T04:29:56.345Z"
  }
},
{
  "model": "core.hospital",
  "pk": 2,
  "fields": {
    "name": "مستشفى الملك فهد التخصصي",
    "name_en": "King Fahd Specialist Hospital",
    "address": "الدمام، المملكة العربية السعودية",
    "address_en": "Dammam, Saudi Arabia",
    "contact_info": "013-8912345",
    "logo": "hospitals/logos/fahdHospital.jpg",
    "created_at": "2025-05-12T20:50:42.168Z",
    "updated_at": "2025-05-20T05:00:03.903Z"
  }
},
{
  "model": "core.hospital",
  "pk": 4,
  "fields": {
    "name": "القاهره",
    "name_en": null,
    "address": "عدن",
    "address_en": null,
    "contact_info": null,
    "logo": "hospitals/logos/121_Jbde3Y6.jpg",
    "created_at": "2025-05-13T01:02:35.188Z",
    "updated_at": "2025-05-17T20:32:26.984Z"
  }
},
{
  "model": "core.hospital",
  "pk": 5,
  "fields": {
    "name": "adf",
    "name_en": null,
    "address": "sfs",
    "address_en": null,
    "contact_info": "24234",
    "logo": "hospitals/logos/121.jpg",
    "created_at": "2025-05-14T16:57:39.652Z",
    "updated_at": "2025-05-17T20:32:17.322Z"
  }
},
{
  "model": "core.hospital",
  "pk": 6,
  "fields": {
    "name": "اساسيات حاسوب",
    "name_en": null,
    "address": "JJJJJJ",
    "address_en": null,
    "contact_info": null,
    "logo": "hospitals/logos/121_b889gcr.jpg",
    "created_at": "2025-05-17T23:31:58.317Z",
    "updated_at": "2025-05-17T23:31:58.551Z"
  }
},
{
  "model": "core.hospital",
  "pk": 8,
  "fields": {
    "name": "الاندلس",
    "name_en": "Andalusia",
    "address": "2020",
    "address_en": "2020",
    "contact_info": "5234",
    "logo": "hospitals/logos/121_k047PGM.jpg",
    "created_at": "2025-05-19T14:25:41.038Z",
    "updated_at": "2025-05-19T14:25:44.205Z"
  }
},
{
  "model": "core.hospital",
  "pk": 9,
  "fields": {
    "name": "مستشفى الملك فيصل",
    "name_en": "King Faisal Hospital",
    "address": "بلدي",
    "address_en": "Bodily",
    "contact_info": null,
    "logo": "hospitals/logos/OIPf.jpg",
    "created_at": "2025-05-23T19:20:17.575Z",
    "updated_at": "2025-05-23T19:20:24.121Z"
  }
},
{
  "model": "core.employer",
  "pk": 1,
  "fields": {
    "name": "شركة الاتصالات السعودية",
    "address": "الرياض، المملكة العربية السعودية",
    "contact_info": "011-2345678",
    "created_at": "2025-05-12T20:50:42.175Z",
    "updated_at": "2025-05-12T20:50:42.176Z"
  }
},
{
  "model": "core.employer",
  "pk": 2,
  "fields": {
    "name": "شركة أرامكو السعودية",
    "address": "الظهران، المملكة العربية السعودية",
    "contact_info": "013-8765432",
    "created_at": "2025-05-12T20:50:42.180Z",
    "updated_at": "2025-05-12T20:50:42.181Z"
  }
},
{
  "model": "core.employer",
  "pk": 3,
  "fields": {
    "name": "شركة سابك",
    "address": "الرياض، المملكة العربية السعودية",
    "contact_info": "011-3456789",
    "created_at": "2025-05-12T20:50:42.187Z",
    "updated_at": "2025-05-12T20:50:42.187Z"
  }
},
{
  "model": "core.employer",
  "pk": 4,
  "fields": {
    "name": "البنك الأهلي السعودي",
    "address": "جدة، المملكة العربية السعودية",
    "contact_info": "012-5678901",
    "created_at": "2025-05-12T20:50:42.190Z",
    "updated_at": "2025-05-12T20:50:42.190Z"
  }
},
{
  "model": "core.employer",
  "pk": 5,
  "fields": {
    "name": "مصرف الراجحي",
    "address": "الرياض، المملكة العربية السعودية",
    "contact_info": "011-4567890",
    "created_at": "2025-05-12T20:50:42.198Z",
    "updated_at": "2025-05-12T20:50:42.199Z"
  }
},
{
  "model": "core.doctor",
  "pk": 1,
  "fields": {
    "national_id": null,
    "name": "أحمد محمد",
    "name_en": "Ahmed Mohamed",
    "position": "استشاري طب باطني",
    "position_en": "Consultant internal medicine",
    "phone": "0501234567",
    "email": "ahmed@example.com",
    "created_at": "2025-05-12T20:50:42.221Z",
    "updated_at": "2025-05-21T14:45:06.151Z",
    "hospitals": []
  }
},
{
  "model": "core.doctor",
  "pk": 2,
  "fields": {
    "national_id": null,
    "name": "سارة عبدالله",
    "name_en": "Sarah Abdullah",
    "position": "استشاري أمراض قلب",
    "position_en": "Heart Diseases Consultant",
    "phone": "0502345678",
    "email": "sara@example.com",
    "created_at": "2025-05-12T20:50:42.238Z",
    "updated_at": "2025-05-21T14:45:56.768Z",
    "hospitals": [
      2
    ]
  }
},
{
  "model": "core.doctor",
  "pk": 3,
  "fields": {
    "national_id": null,
    "name": "خالد عبدالرحمن",
    "name_en": "Khaled Abdul Rahman",
    "position": "استشاري جراحة عامة",
    "position_en": "General Surgery Consultant",
    "phone": "0503456789",
    "email": "khalid@example.com",
    "created_at": "2025-05-12T20:50:42.252Z",
    "updated_at": "2025-05-21T14:45:34.520Z",
    "hospitals": []
  }
},
{
  "model": "core.doctor",
  "pk": 4,
  "fields": {
    "national_id": null,
    "name": "نورة سعد",
    "name_en": "Noura Saad",
    "position": "استشاري أمراض نساء وولادة",
    "position_en": "Women and birth consultant",
    "phone": "0504567890",
    "email": "noura@example.com",
    "created_at": "2025-05-12T20:50:42.257Z",
    "updated_at": "2025-05-21T14:46:31.269Z",
    "hospitals": [
      2
    ]
  }
},
{
  "model": "core.doctor",
  "pk": 5,
  "fields": {
    "national_id": null,
    "name": "محمد فهد",
    "name_en": "Muhammad Fahd",
    "position": "استشاري أمراض عصبية",
    "position_en": "Nervous Diseases Consultant",
    "phone": "0505678901",
    "email": "mohammed@example.com",
    "created_at": "2025-05-12T20:50:42.268Z",
    "updated_at": "2025-05-21T14:46:14.769Z",
    "hospitals": []
  }
},
{
  "model": "core.doctor",
  "pk": 6,
  "fields": {
    "national_id": "1244",
    "name": "علي صالح",
    "name_en": null,
    "position": "424",
    "position_en": null,
    "phone": null,
    "email": null,
    "created_at": "2025-05-13T00:09:19.510Z",
    "updated_at": "2025-05-13T00:09:19.510Z",
    "hospitals": []
  }
},
{
  "model": "core.doctor",
  "pk": 7,
  "fields": {
    "national_id": "24",
    "name": "ابو صالح",
    "name_en": null,
    "position": "",
    "position_en": null,
    "phone": null,
    "email": null,
    "created_at": "2025-05-13T01:02:35.191Z",
    "updated_at": "2025-05-13T01:02:35.192Z",
    "hospitals": []
  }
},
{
  "model": "core.doctor",
  "pk": 8,
  "fields": {
    "national_id": "1234",
    "name": "asdfasdf",
    "name_en": null,
    "position": "asdf",
    "position_en": null,
    "phone": "",
    "email": "",
    "created_at": "2025-05-14T17:25:50.403Z",
    "updated_at": "2025-05-14T17:25:50.403Z",
    "hospitals": []
  }
},
{
  "model": "core.doctor",
  "pk": 9,
  "fields": {
    "national_id": null,
    "name": "خالد الغامدي",
    "name_en": "Khaled Al -Ghamdi",
    "position": "طبيب عام",
    "position_en": "general practitioner",
    "phone": "+967771771771",
    "email": null,
    "created_at": "2025-05-14T17:52:53.713Z",
    "updated_at": "2025-05-23T20:13:05.967Z",
    "hospitals": [
      1,
      2,
      4,
      5,
      6,
      8,
      9
    ]
  }
},
{
  "model": "core.doctor",
  "pk": 10,
  "fields": {
    "national_id": "234234",
    "name": "محمد يوسف",
    "name_en": null,
    "position": "بيطري",
    "position_en": null,
    "phone": "1231234",
    "email": "",
    "created_at": "2025-05-14T18:12:02.980Z",
    "updated_at": "2025-05-14T18:12:02.981Z",
    "hospitals": []
  }
},
{
  "model": "core.doctor",
  "pk": 11,
  "fields": {
    "national_id": "23332",
    "name": "ديسول",
    "name_en": null,
    "position": "طبيب عام",
    "position_en": null,
    "phone": "252345",
    "email": "",
    "created_at": "2025-05-17T20:46:22.201Z",
    "updated_at": "2025-05-17T20:46:22.202Z",
    "hospitals": []
  }
},
{
  "model": "core.doctor",
  "pk": 14,
  "fields": {
    "national_id": null,
    "name": "شسيبشسيب",
    "name_en": "Shessesp",
    "position": "طبيب عام",
    "position_en": "general practitioner",
    "phone": null,
    "email": null,
    "created_at": "2025-05-20T00:34:36.264Z",
    "updated_at": "2025-05-20T00:34:42.528Z",
    "hospitals": []
  }
},
{
  "model": "core.doctor",
  "pk": 15,
  "fields": {
    "national_id": null,
    "name": "شسيبشسيب",
    "name_en": "Shessesp",
    "position": "طبيب عام",
    "position_en": "general practitioner",
    "phone": null,
    "email": null,
    "created_at": "2025-05-20T00:34:40.630Z",
    "updated_at": "2025-05-20T00:34:43.270Z",
    "hospitals": []
  }
},
{
  "model": "core.doctor",
  "pk": 16,
  "fields": {
    "national_id": null,
    "name": "شسيبشسيب",
    "name_en": "Shessesp",
    "position": "طبيب عام",
    "position_en": "general practitioner",
    "phone": null,
    "email": null,
    "created_at": "2025-05-20T00:34:39.822Z",
    "updated_at": "2025-05-20T00:34:43.703Z",
    "hospitals": []
  }
},
{
  "model": "core.doctor",
  "pk": 17,
  "fields": {
    "national_id": null,
    "name": "شسيبشسيب",
    "name_en": "Shessesp",
    "position": "طبيب عام",
    "position_en": "general practitioner",
    "phone": null,
    "email": null,
    "created_at": "2025-05-20T00:34:41.270Z",
    "updated_at": "2025-05-20T00:34:44.070Z",
    "hospitals": []
  }
},
{
  "model": "core.doctor",
  "pk": 18,
  "fields": {
    "national_id": "11111",
    "name": "مهند محمد مكرد",
    "name_en": "Muhannad Muhammad Makard",
    "position": "طبيب عام",
    "position_en": "general practitioner",
    "phone": "771772773",
    "email": null,
    "created_at": "2025-05-22T00:18:01.350Z",
    "updated_at": "2025-05-22T00:18:10.215Z",
    "hospitals": []
  }
},
{
  "model": "core.doctor",
  "pk": 19,
  "fields": {
    "national_id": "123123",
    "name": "اسم الطبي",
    "name_en": "Medical name",
    "position": null,
    "position_en": null,
    "phone": "77277277",
    "email": null,
    "created_at": "2025-05-23T17:27:17.951Z",
    "updated_at": "2025-05-23T17:27:21.244Z",
    "hospitals": []
  }
},
{
  "model": "core.doctor",
  "pk": 21,
  "fields": {
    "national_id": "646277",
    "name": "حمود عبادي ",
    "name_en": "Hammoud Abadi",
    "position": "طبيب عام",
    "position_en": "general practitioner",
    "phone": "77665543",
    "email": null,
    "created_at": "2025-05-23T19:21:02.954Z",
    "updated_at": "2025-05-23T19:21:06.528Z",
    "hospitals": [
      9
    ]
  }
},
{
  "model": "core.patient",
  "pk": 1,
  "fields": {
    "national_id": "6695459391",
    "name": "إبراهيم الغامدي",
    "name_en": "Ibrahim Al -Ghamdi",
    "nationality": "سوداني",
    "nationality_en": null,
    "employer_name": null,
    "employer_name_en": null,
    "phone": "0518153215",
    "email": null,
    "address": "الرياض، المملكة العربية السعودية",
    "address_en": null,
    "created_at": "2025-05-12T20:50:57.375Z",
    "updated_at": "2025-05-12T20:50:57.376Z"
  }
},
{
  "model": "core.patient",
  "pk": 2,
  "fields": {
    "national_id": "3364474201",
    "name": "سعد الحربي",
    "name_en": "Saad Al-Harbi",
    "nationality": "مغربي",
    "nationality_en": "Moroccan",
    "employer_name": "المستشفى الحربي",
    "employer_name_en": "Military Hospital",
    "phone": "0547046828",
    "email": "sadalharby@example.com",
    "address": null,
    "address_en": null,
    "created_at": "2025-05-12T20:50:57.377Z",
    "updated_at": "2025-05-20T04:25:12.138Z"
  }
},
{
  "model": "core.patient",
  "pk": 3,
  "fields": {
    "national_id": "2897160215",
    "name": "عمر الدوسري",
    "name_en": "Omar Al -Dossary",
    "nationality": "أردني",
    "nationality_en": "Jordanian",
    "employer_name": null,
    "employer_name_en": null,
    "phone": "0575875382",
    "email": "عمر.الدوسري@example.com",
    "address": "الرياض، المملكة العربية السعودية",
    "address_en": "Riyadh, Saudi Arabia",
    "created_at": "2025-05-12T20:50:57.379Z",
    "updated_at": "2025-05-12T20:50:57.380Z"
  }
},
{
  "model": "core.patient",
  "pk": 4,
  "fields": {
    "national_id": "7843539066",
    "name": "هند الزهراني",
    "name_en": null,
    "nationality": "لبناني",
    "nationality_en": null,
    "employer_name": null,
    "employer_name_en": null,
    "phone": "0528809270",
    "email": null,
    "address": "الرياض، المملكة العربية السعودية",
    "address_en": null,
    "created_at": "2025-05-12T20:50:57.385Z",
    "updated_at": "2025-05-12T20:50:57.385Z"
  }
},
{
  "model": "core.patient",
  "pk": 5,
  "fields": {
    "national_id": "2679081735",
    "name": "عبدالرحمن العتيبي",
    "name_en": null,
    "nationality": "يمني",
    "nationality_en": null,
    "employer_name": null,
    "employer_name_en": null,
    "phone": "0561310027",
    "email": "عبدالرحمن.العتيبي@example.com",
    "address": "الرياض، المملكة العربية السعودية",
    "address_en": null,
    "created_at": "2025-05-12T20:50:57.387Z",
    "updated_at": "2025-05-12T20:50:57.387Z"
  }
},
{
  "model": "core.patient",
  "pk": 6,
  "fields": {
    "national_id": "7120108139",
    "name": "محمد العنزي",
    "name_en": null,
    "nationality": "سوداني",
    "nationality_en": null,
    "employer_name": null,
    "employer_name_en": null,
    "phone": "0535763439",
    "email": "محمد.العنزي@example.com",
    "address": "الرياض، المملكة العربية السعودية",
    "address_en": null,
    "created_at": "2025-05-12T20:50:57.388Z",
    "updated_at": "2025-05-12T20:50:57.389Z"
  }
},
{
  "model": "core.patient",
  "pk": 7,
  "fields": {
    "national_id": "7196188634",
    "name": "لمياء الغامدي",
    "name_en": null,
    "nationality": "سوري",
    "nationality_en": null,
    "employer_name": null,
    "employer_name_en": null,
    "phone": "0593610208",
    "email": "لمياء.الغامدي@example.com",
    "address": "الرياض، المملكة العربية السعودية",
    "address_en": null,
    "created_at": "2025-05-12T20:50:57.390Z",
    "updated_at": "2025-05-12T20:50:57.390Z"
  }
},
{
  "model": "core.patient",
  "pk": 8,
  "fields": {
    "national_id": "1474696947",
    "name": "محمد المطيري",
    "name_en": null,
    "nationality": "أردني",
    "nationality_en": null,
    "employer_name": null,
    "employer_name_en": null,
    "phone": "0560650287",
    "email": null,
    "address": "الرياض، المملكة العربية السعودية",
    "address_en": null,
    "created_at": "2025-05-12T20:50:57.391Z",
    "updated_at": "2025-05-12T20:50:57.392Z"
  }
},
{
  "model": "core.patient",
  "pk": 9,
  "fields": {
    "national_id": "2746897988",
    "name": "فاطمة العنزي",
    "name_en": null,
    "nationality": "لبناني",
    "nationality_en": null,
    "employer_name": null,
    "employer_name_en": null,
    "phone": "0554620627",
    "email": "فاطمة.العنزي@example.com",
    "address": "الرياض، المملكة العربية السعودية",
    "address_en": null,
    "created_at": "2025-05-12T20:50:57.394Z",
    "updated_at": "2025-05-12T20:50:57.394Z"
  }
},
{
  "model": "core.patient",
  "pk": 10,
  "fields": {
    "national_id": "3837578542",
    "name": "علي الغامدي",
    "name_en": null,
    "nationality": "يمني",
    "nationality_en": null,
    "employer_name": null,
    "employer_name_en": null,
    "phone": "0593508796",
    "email": null,
    "address": "الرياض، المملكة العربية السعودية",
    "address_en": null,
    "created_at": "2025-05-12T20:50:57.397Z",
    "updated_at": "2025-05-12T20:50:57.398Z"
  }
},
{
  "model": "core.patient",
  "pk": 11,
  "fields": {
    "national_id": "7547848782",
    "name": "عبير الدوسري",
    "name_en": null,
    "nationality": "فلسطيني",
    "nationality_en": null,
    "employer_name": null,
    "employer_name_en": null,
    "phone": "0513985470",
    "email": "عبير.الدوسري@example.com",
    "address": "الرياض، المملكة العربية السعودية",
    "address_en": null,
    "created_at": "2025-05-12T22:56:51.594Z",
    "updated_at": "2025-05-12T22:56:51.596Z"
  }
},
{
  "model": "core.patient",
  "pk": 12,
  "fields": {
    "national_id": "3874991462",
    "name": "فاطمة الغامدي",
    "name_en": null,
    "nationality": "تونسي",
    "nationality_en": null,
    "employer_name": null,
    "employer_name_en": null,
    "phone": "0535212859",
    "email": null,
    "address": "الرياض، المملكة العربية السعودية",
    "address_en": null,
    "created_at": "2025-05-12T22:56:51.624Z",
    "updated_at": "2025-05-12T22:56:51.624Z"
  }
},
{
  "model": "core.patient",
  "pk": 13,
  "fields": {
    "national_id": "9914630705",
    "name": "عبدالله العتيبي",
    "name_en": null,
    "nationality": "أردني",
    "nationality_en": null,
    "employer_name": null,
    "employer_name_en": null,
    "phone": "0521276268",
    "email": null,
    "address": "الرياض، المملكة العربية السعودية",
    "address_en": null,
    "created_at": "2025-05-12T22:56:51.629Z",
    "updated_at": "2025-05-12T22:56:51.629Z"
  }
},
{
  "model": "core.patient",
  "pk": 14,
  "fields": {
    "national_id": "2925716860",
    "name": "عائشة السبيعي",
    "name_en": null,
    "nationality": "سوداني",
    "nationality_en": null,
    "employer_name": null,
    "employer_name_en": null,
    "phone": "0572038061",
    "email": "عائشة.السبيعي@example.com",
    "address": "الرياض، المملكة العربية السعودية",
    "address_en": null,
    "created_at": "2025-05-12T22:56:51.643Z",
    "updated_at": "2025-05-12T22:56:51.644Z"
  }
},
{
  "model": "core.patient",
  "pk": 15,
  "fields": {
    "national_id": "3611741426",
    "name": "عبدالرحمن القحطاني",
    "name_en": null,
    "nationality": "لبناني",
    "nationality_en": null,
    "employer_name": null,
    "employer_name_en": null,
    "phone": "0575012003",
    "email": "عبدالرحمن.القحطاني@example.com",
    "address": null,
    "address_en": null,
    "created_at": "2025-05-12T22:56:51.656Z",
    "updated_at": "2025-05-12T22:56:51.656Z"
  }
},
{
  "model": "core.patient",
  "pk": 16,
  "fields": {
    "national_id": "0351417408",
    "name": "فاطمة العتيبي",
    "name_en": null,
    "nationality": "سعودي",
    "nationality_en": null,
    "employer_name": null,
    "employer_name_en": null,
    "phone": "0548051596",
    "email": null,
    "address": null,
    "address_en": null,
    "created_at": "2025-05-12T22:56:51.715Z",
    "updated_at": "2025-05-12T22:56:51.718Z"
  }
},
{
  "model": "core.patient",
  "pk": 17,
  "fields": {
    "national_id": "3768467755",
    "name": "أحمد الشمري",
    "name_en": null,
    "nationality": "سوداني",
    "nationality_en": null,
    "employer_name": null,
    "employer_name_en": null,
    "phone": "0593164404",
    "email": "أحمد.الشمري@example.com",
    "address": "الرياض، المملكة العربية السعودية",
    "address_en": null,
    "created_at": "2025-05-12T22:56:51.721Z",
    "updated_at": "2025-05-12T22:56:51.721Z"
  }
},
{
  "model": "core.patient",
  "pk": 18,
  "fields": {
    "national_id": "2522330823",
    "name": "عمر القحطاني",
    "name_en": null,
    "nationality": "يمني",
    "nationality_en": null,
    "employer_name": null,
    "employer_name_en": null,
    "phone": "0590036540",
    "email": null,
    "address": null,
    "address_en": null,
    "created_at": "2025-05-12T22:56:51.735Z",
    "updated_at": "2025-05-12T22:56:51.735Z"
  }
},
{
  "model": "core.patient",
  "pk": 19,
  "fields": {
    "national_id": "8907185664",
    "name": "فاطمة القحطاني",
    "name_en": null,
    "nationality": "مصري",
    "nationality_en": null,
    "employer_name": null,
    "employer_name_en": null,
    "phone": "0544317628",
    "email": null,
    "address": null,
    "address_en": null,
    "created_at": "2025-05-12T22:56:51.750Z",
    "updated_at": "2025-05-12T22:56:51.751Z"
  }
},
{
  "model": "core.patient",
  "pk": 20,
  "fields": {
    "national_id": "3348377949",
    "name": "عبدالله السبيعي",
    "name_en": null,
    "nationality": "مصري",
    "nationality_en": null,
    "employer_name": null,
    "employer_name_en": null,
    "phone": "0531886748",
    "email": "عبدالله.السبيعي@example.com",
    "address": "الرياض، المملكة العربية السعودية",
    "address_en": null,
    "created_at": "2025-05-12T22:56:51.752Z",
    "updated_at": "2025-05-12T22:56:51.752Z"
  }
},
{
  "model": "core.patient",
  "pk": 21,
  "fields": {
    "national_id": "5679666992",
    "name": "عبدالله العنزي",
    "name_en": null,
    "nationality": "لبناني",
    "nationality_en": null,
    "employer_name": null,
    "employer_name_en": null,
    "phone": "0524601431",
    "email": "عبدالله.العنزي@example.com",
    "address": null,
    "address_en": null,
    "created_at": "2025-05-12T22:56:51.753Z",
    "updated_at": "2025-05-12T22:56:51.754Z"
  }
},
{
  "model": "core.patient",
  "pk": 22,
  "fields": {
    "national_id": "9406022991",
    "name": "لمياء العتيبي",
    "name_en": null,
    "nationality": "فلسطيني",
    "nationality_en": null,
    "employer_name": null,
    "employer_name_en": null,
    "phone": "0562911180",
    "email": null,
    "address": "الرياض، المملكة العربية السعودية",
    "address_en": null,
    "created_at": "2025-05-12T22:56:51.755Z",
    "updated_at": "2025-05-12T22:56:51.755Z"
  }
},
{
  "model": "core.patient",
  "pk": 23,
  "fields": {
    "national_id": "4842694756",
    "name": "إبراهيم العتيبي",
    "name_en": null,
    "nationality": "لبناني",
    "nationality_en": null,
    "employer_name": null,
    "employer_name_en": null,
    "phone": "0582554280",
    "email": null,
    "address": null,
    "address_en": null,
    "created_at": "2025-05-12T22:56:51.756Z",
    "updated_at": "2025-05-12T22:56:51.757Z"
  }
},
{
  "model": "core.patient",
  "pk": 24,
  "fields": {
    "national_id": "1074954966",
    "name": "خالد السبيعي",
    "name_en": null,
    "nationality": "يمني",
    "nationality_en": null,
    "employer_name": null,
    "employer_name_en": null,
    "phone": "0553107958",
    "email": null,
    "address": null,
    "address_en": null,
    "created_at": "2025-05-12T22:56:51.762Z",
    "updated_at": "2025-05-12T22:56:51.763Z"
  }
},
{
  "model": "core.patient",
  "pk": 25,
  "fields": {
    "national_id": "0580663487",
    "name": "ريم الدوسري",
    "name_en": null,
    "nationality": "فلسطيني",
    "nationality_en": null,
    "employer_name": null,
    "employer_name_en": null,
    "phone": "0532323554",
    "email": "ريم.الدوسري@example.com",
    "address": "الرياض، المملكة العربية السعودية",
    "address_en": null,
    "created_at": "2025-05-12T22:56:51.766Z",
    "updated_at": "2025-05-12T22:56:51.769Z"
  }
},
{
  "model": "core.patient",
  "pk": 26,
  "fields": {
    "national_id": "8934648715",
    "name": "سارة الدوسري",
    "name_en": null,
    "nationality": "أردني",
    "nationality_en": null,
    "employer_name": null,
    "employer_name_en": null,
    "phone": "0591817117",
    "email": null,
    "address": "الرياض، المملكة العربية السعودية",
    "address_en": null,
    "created_at": "2025-05-12T22:56:51.770Z",
    "updated_at": "2025-05-12T22:56:51.771Z"
  }
},
{
  "model": "core.patient",
  "pk": 27,
  "fields": {
    "national_id": "1027694197",
    "name": "أحمد الزهراني",
    "name_en": null,
    "nationality": "فلسطيني",
    "nationality_en": null,
    "employer_name": null,
    "employer_name_en": null,
    "phone": "0567716540",
    "email": "أحمد.الزهراني@example.com",
    "address": "الرياض، المملكة العربية السعودية",
    "address_en": null,
    "created_at": "2025-05-12T22:56:51.772Z",
    "updated_at": "2025-05-12T22:56:51.772Z"
  }
},
{
  "model": "core.patient",
  "pk": 28,
  "fields": {
    "national_id": "9149411394",
    "name": "منى الدوسري",
    "name_en": null,
    "nationality": "سوداني",
    "nationality_en": null,
    "employer_name": null,
    "employer_name_en": null,
    "phone": "0578297618",
    "email": "منى.الدوسري@example.com",
    "address": "الرياض، المملكة العربية السعودية",
    "address_en": null,
    "created_at": "2025-05-12T22:56:51.773Z",
    "updated_at": "2025-05-12T22:56:51.774Z"
  }
},
{
  "model": "core.patient",
  "pk": 29,
  "fields": {
    "national_id": "7569811445",
    "name": "سارة الدوسري",
    "name_en": null,
    "nationality": "مغربي",
    "nationality_en": null,
    "employer_name": null,
    "employer_name_en": null,
    "phone": "0580795129",
    "email": "سارة.الدوسري@example.com",
    "address": null,
    "address_en": null,
    "created_at": "2025-05-12T22:56:51.775Z",
    "updated_at": "2025-05-12T22:56:51.775Z"
  }
},
{
  "model": "core.patient",
  "pk": 30,
  "fields": {
    "national_id": "0558784116",
    "name": "إبراهيم العنزي",
    "name_en": null,
    "nationality": "لبناني",
    "nationality_en": null,
    "employer_name": null,
    "employer_name_en": null,
    "phone": "0580769576",
    "email": null,
    "address": null,
    "address_en": null,
    "created_at": "2025-05-12T22:56:51.813Z",
    "updated_at": "2025-05-12T22:56:51.814Z"
  }
},
{
  "model": "core.patient",
  "pk": 31,
  "fields": {
    "national_id": "123",
    "name": "عبدالإله",
    "name_en": null,
    "nationality": null,
    "nationality_en": null,
    "employer_name": null,
    "employer_name_en": null,
    "phone": "3123",
    "email": null,
    "address": null,
    "address_en": null,
    "created_at": "2025-05-12T23:41:59.169Z",
    "updated_at": "2025-05-12T23:41:59.170Z"
  }
},
{
  "model": "core.patient",
  "pk": 32,
  "fields": {
    "national_id": "24234",
    "name": "خالد جحزر",
    "name_en": null,
    "nationality": null,
    "nationality_en": null,
    "employer_name": "اليونان",
    "employer_name_en": null,
    "phone": "",
    "email": null,
    "address": null,
    "address_en": null,
    "created_at": "2025-05-13T01:02:35.175Z",
    "updated_at": "2025-05-13T01:02:35.176Z"
  }
},
{
  "model": "core.patient",
  "pk": 33,
  "fields": {
    "national_id": "123442",
    "name": "عبدالسميع",
    "name_en": null,
    "nationality": "الهند",
    "nationality_en": null,
    "employer_name": "فارغ",
    "employer_name_en": null,
    "phone": "1234",
    "email": "",
    "address": "الدمام",
    "address_en": null,
    "created_at": "2025-05-14T16:57:18.526Z",
    "updated_at": "2025-05-14T16:57:18.544Z"
  }
},
{
  "model": "core.patient",
  "pk": 34,
  "fields": {
    "national_id": "2434",
    "name": "شسيب",
    "name_en": null,
    "nationality": "بشسيب",
    "nationality_en": null,
    "employer_name": "شسيبب",
    "employer_name_en": null,
    "phone": "24234",
    "email": "",
    "address": "شسيب",
    "address_en": null,
    "created_at": "2025-05-14T17:52:02.648Z",
    "updated_at": "2025-05-14T17:52:02.649Z"
  }
},
{
  "model": "core.patient",
  "pk": 35,
  "fields": {
    "national_id": "1212",
    "name": "عبدالاله عيسى",
    "name_en": null,
    "nationality": "شسيب",
    "nationality_en": null,
    "employer_name": "وكالة ناسا",
    "employer_name_en": null,
    "phone": "771771771",
    "email": "",
    "address": "235345",
    "address_en": null,
    "created_at": "2025-05-17T20:45:47.842Z",
    "updated_at": "2025-05-17T20:45:47.843Z"
  }
},
{
  "model": "core.patient",
  "pk": 36,
  "fields": {
    "national_id": "56789",
    "name": "محمد صالح باغوزة",
    "name_en": "Ufofgkdfk",
    "nationality": "fasdf",
    "nationality_en": "fasdf",
    "employer_name": "الشركة الصناعية للأدوية",
    "employer_name_en": "Industrial Pharmaceutical Company",
    "phone": "202020",
    "email": null,
    "address": "JGHF",
    "address_en": "JGHF",
    "created_at": "2025-05-17T23:28:34.212Z",
    "updated_at": "2025-05-23T20:14:36.323Z"
  }
},
{
  "model": "core.patient",
  "pk": 37,
  "fields": {
    "national_id": "12341234",
    "name": "عبدالله عبدالله عيسى",
    "name_en": "Abdullah Abdullah Issa",
    "nationality": "يمني",
    "nationality_en": "Yemeni",
    "employer_name": "شركة gravitySoft",
    "employer_name_en": "GravitySoft",
    "phone": "12341234",
    "email": "",
    "address": "صنعاء شارع تونس",
    "address_en": "Sanaa Tunis Street",
    "created_at": "2025-05-19T15:39:24.756Z",
    "updated_at": "2025-05-19T15:39:32.599Z"
  }
},
{
  "model": "core.patient",
  "pk": 43,
  "fields": {
    "national_id": "123423",
    "name": "عبدالإله عيسى",
    "name_en": "Abduelah Issa",
    "nationality": "اليمن",
    "nationality_en": "Yemen",
    "employer_name": "شركة gravitysoft",
    "employer_name_en": "GravitySoft",
    "phone": "771771771",
    "email": null,
    "address": "جده",
    "address_en": "grandmother",
    "created_at": "2025-05-21T13:30:49.727Z",
    "updated_at": "2025-05-21T13:36:46.294Z"
  }
},
{
  "model": "core.patient",
  "pk": 46,
  "fields": {
    "national_id": "12333",
    "name": "داود شكيب غالب عثمان الصنوي",
    "name_en": "Dawood Shakib Ghaleb Othman Al -Senawi",
    "nationality": "اليمن",
    "nationality_en": "Yemen",
    "employer_name": "شركة الأقصى ",
    "employer_name_en": "Al -Aqsa Company",
    "phone": "771771771",
    "email": "",
    "address": "صنعاء",
    "address_en": "Sanaa",
    "created_at": "2025-05-22T00:16:19.721Z",
    "updated_at": "2025-05-22T00:16:32.858Z"
  }
},
{
  "model": "core.patient",
  "pk": 47,
  "fields": {
    "national_id": "11111",
    "name": "اسم المري",
    "name_en": null,
    "nationality": "الجنسي",
    "nationality_en": null,
    "employer_name": "جهة العم",
    "employer_name_en": null,
    "phone": "77177177",
    "email": "",
    "address": "العنوا",
    "address_en": null,
    "created_at": "2025-05-23T17:23:11.537Z",
    "updated_at": "2025-05-23T17:23:14.125Z"
  }
},
{
  "model": "core.patient",
  "pk": 48,
  "fields": {
    "national_id": "776645",
    "name": "عبدوسعيد",
    "name_en": "Abdul Said",
    "nationality": "اليمن",
    "nationality_en": "Yemen",
    "employer_name": "الى من يهمه الامر",
    "employer_name_en": "to whom it may concern",
    "phone": "567",
    "email": "",
    "address": "صنعاء-حدة",
    "address_en": "Sana'a-",
    "created_at": "2025-05-23T19:18:15.653Z",
    "updated_at": "2025-05-23T19:18:30.059Z"
  }
},
{
  "model": "core.patient",
  "pk": 54,
  "fields": {
    "national_id": "77664566",
    "name": "عبدوسعيد صالح",
    "name_en": "Abdul Said Saleh",
    "nationality": "اليمن",
    "nationality_en": "Yemen",
    "employer_name": "الى من يهمه الامر",
    "employer_name_en": "to whom it may concern",
    "phone": "567",
    "email": "",
    "address": "صنعاء-حدة",
    "address_en": "Sana'a-",
    "created_at": "2025-05-23T19:18:58.787Z",
    "updated_at": "2025-05-23T19:19:09.796Z"
  }
},
{
  "model": "core.patient",
  "pk": 55,
  "fields": {
    "national_id": "77654566",
    "name": "عمر عبدو الهادي صالح",
    "name_en": null,
    "nationality": "السعودية",
    "nationality_en": null,
    "employer_name": "الى من يهمه الامر",
    "employer_name_en": null,
    "phone": "77665544",
    "email": "",
    "address": "صنعاء-حدة",
    "address_en": null,
    "created_at": "2025-05-23T19:32:34.250Z",
    "updated_at": "2025-05-23T19:33:06.299Z"
  }
},
{
  "model": "core.client",
  "pk": 1,
  "fields": {
    "name": "شركة التأمين الوطنية",
    "name_en": null,
    "phone": "0511234567",
    "email": "info@nationalinsurance.com",
    "address": "الرياض، المملكة العربية السعودية",
    "address_en": null,
    "notes": null,
    "notes_en": null,
    "created_at": "2025-05-12T20:50:42.277Z",
    "updated_at": "2025-05-12T20:50:42.278Z"
  }
},
{
  "model": "core.client",
  "pk": 2,
  "fields": {
    "name": "شركة التأمين التعاوني",
    "name_en": null,
    "phone": "0512345678",
    "email": "info@cooperativeinsurance.com",
    "address": "جدة، المملكة العربية السعودية",
    "address_en": null,
    "notes": "",
    "notes_en": null,
    "created_at": "2025-05-12T20:50:42.288Z",
    "updated_at": "2025-05-12T21:40:18.213Z"
  }
},
{
  "model": "core.client",
  "pk": 3,
  "fields": {
    "name": "شركة بوبا العربية للتأمين",
    "name_en": null,
    "phone": "0513456789",
    "email": "info@bupa.com",
    "address": "الخبر، المملكة العربية السعودية",
    "address_en": null,
    "notes": null,
    "notes_en": null,
    "created_at": "2025-05-12T20:50:42.294Z",
    "updated_at": "2025-05-12T20:50:42.294Z"
  }
},
{
  "model": "core.client",
  "pk": 4,
  "fields": {
    "name": "عبدالله راجح",
    "name_en": null,
    "phone": "771771771",
    "email": "abdullah@rageh.com",
    "address": "sana",
    "address_en": null,
    "notes": "",
    "notes_en": null,
    "created_at": "2025-05-12T21:46:41.610Z",
    "updated_at": "2025-05-12T21:46:41.614Z"
  }
},
{
  "model": "core.client",
  "pk": 5,
  "fields": {
    "name": "علي خالد",
    "name_en": null,
    "phone": "ضثق",
    "email": null,
    "address": null,
    "address_en": null,
    "notes": "",
    "notes_en": null,
    "created_at": "2025-05-13T01:32:49.049Z",
    "updated_at": "2025-05-13T01:32:49.056Z"
  }
},
{
  "model": "core.leaveprice",
  "pk": 1,
  "fields": {
    "leave_type": "sick_leave",
    "duration_days": 1,
    "price": "5.00",
    "pricing_type": "fixed",
    "client": 3,
    "is_active": true,
    "created_at": "2025-05-12T20:50:42.306Z",
    "updated_at": "2025-05-20T00:32:09.440Z"
  }
},
{
  "model": "core.leaveprice",
  "pk": 2,
  "fields": {
    "leave_type": "sick_leave",
    "duration_days": 2,
    "price": "180.00",
    "pricing_type": "per_day",
    "client": null,
    "is_active": true,
    "created_at": "2025-05-12T20:50:42.326Z",
    "updated_at": "2025-05-12T20:50:42.326Z"
  }
},
{
  "model": "core.leaveprice",
  "pk": 3,
  "fields": {
    "leave_type": "sick_leave",
    "duration_days": 3,
    "price": "250.00",
    "pricing_type": "per_day",
    "client": null,
    "is_active": true,
    "created_at": "2025-05-12T20:50:42.337Z",
    "updated_at": "2025-05-12T20:50:42.337Z"
  }
},
{
  "model": "core.leaveprice",
  "pk": 4,
  "fields": {
    "leave_type": "sick_leave",
    "duration_days": 5,
    "price": "400.00",
    "pricing_type": "per_day",
    "client": null,
    "is_active": true,
    "created_at": "2025-05-12T20:50:42.345Z",
    "updated_at": "2025-05-12T20:50:42.347Z"
  }
},
{
  "model": "core.leaveprice",
  "pk": 5,
  "fields": {
    "leave_type": "sick_leave",
    "duration_days": 7,
    "price": "550.00",
    "pricing_type": "per_day",
    "client": null,
    "is_active": true,
    "created_at": "2025-05-12T20:50:42.373Z",
    "updated_at": "2025-05-12T20:50:42.374Z"
  }
},
{
  "model": "core.leaveprice",
  "pk": 6,
  "fields": {
    "leave_type": "sick_leave",
    "duration_days": 10,
    "price": "750.00",
    "pricing_type": "per_day",
    "client": null,
    "is_active": true,
    "created_at": "2025-05-12T20:50:42.384Z",
    "updated_at": "2025-05-12T20:50:42.384Z"
  }
},
{
  "model": "core.leaveprice",
  "pk": 7,
  "fields": {
    "leave_type": "sick_leave",
    "duration_days": 14,
    "price": "1000.00",
    "pricing_type": "per_day",
    "client": null,
    "is_active": true,
    "created_at": "2025-05-12T20:50:42.393Z",
    "updated_at": "2025-05-12T20:50:42.393Z"
  }
},
{
  "model": "core.leaveprice",
  "pk": 8,
  "fields": {
    "leave_type": "sick_leave",
    "duration_days": 30,
    "price": "2000.00",
    "pricing_type": "per_day",
    "client": null,
    "is_active": true,
    "created_at": "2025-05-12T20:50:42.403Z",
    "updated_at": "2025-05-12T20:50:42.403Z"
  }
},
{
  "model": "core.leaveprice",
  "pk": 9,
  "fields": {
    "leave_type": "companion_leave",
    "duration_days": 1,
    "price": "150.00",
    "pricing_type": "per_day",
    "client": null,
    "is_active": true,
    "created_at": "2025-05-12T20:50:42.407Z",
    "updated_at": "2025-05-12T20:50:42.407Z"
  }
},
{
  "model": "core.leaveprice",
  "pk": 10,
  "fields": {
    "leave_type": "companion_leave",
    "duration_days": 2,
    "price": "280.00",
    "pricing_type": "per_day",
    "client": null,
    "is_active": true,
    "created_at": "2025-05-12T20:50:42.410Z",
    "updated_at": "2025-05-12T20:50:42.411Z"
  }
},
{
  "model": "core.leaveprice",
  "pk": 11,
  "fields": {
    "leave_type": "companion_leave",
    "duration_days": 3,
    "price": "400.00",
    "pricing_type": "per_day",
    "client": null,
    "is_active": true,
    "created_at": "2025-05-12T20:50:42.428Z",
    "updated_at": "2025-05-12T20:50:42.428Z"
  }
},
{
  "model": "core.leaveprice",
  "pk": 12,
  "fields": {
    "leave_type": "companion_leave",
    "duration_days": 5,
    "price": "650.00",
    "pricing_type": "per_day",
    "client": null,
    "is_active": true,
    "created_at": "2025-05-12T20:50:42.437Z",
    "updated_at": "2025-05-12T20:50:42.437Z"
  }
},
{
  "model": "core.leaveprice",
  "pk": 13,
  "fields": {
    "leave_type": "companion_leave",
    "duration_days": 7,
    "price": "900.00",
    "pricing_type": "per_day",
    "client": null,
    "is_active": true,
    "created_at": "2025-05-12T20:50:42.458Z",
    "updated_at": "2025-05-12T20:50:42.459Z"
  }
},
{
  "model": "core.leaveprice",
  "pk": 14,
  "fields": {
    "leave_type": "companion_leave",
    "duration_days": 10,
    "price": "1200.00",
    "pricing_type": "per_day",
    "client": null,
    "is_active": true,
    "created_at": "2025-05-12T20:50:42.484Z",
    "updated_at": "2025-05-12T20:50:42.484Z"
  }
},
{
  "model": "core.leaveprice",
  "pk": 15,
  "fields": {
    "leave_type": "companion_leave",
    "duration_days": 14,
    "price": "1600.00",
    "pricing_type": "per_day",
    "client": null,
    "is_active": true,
    "created_at": "2025-05-12T20:50:42.495Z",
    "updated_at": "2025-05-12T20:50:42.499Z"
  }
},
{
  "model": "core.leaveprice",
  "pk": 16,
  "fields": {
    "leave_type": "companion_leave",
    "duration_days": 30,
    "price": "3000.00",
    "pricing_type": "per_day",
    "client": null,
    "is_active": true,
    "created_at": "2025-05-12T20:50:42.511Z",
    "updated_at": "2025-05-12T20:50:42.512Z"
  }
},
{
  "model": "core.leaveprice",
  "pk": 20,
  "fields": {
    "leave_type": "companion_leave",
    "duration_days": 1,
    "price": "100.00",
    "pricing_type": "fixed",
    "client": 2,
    "is_active": true,
    "created_at": "2025-05-12T22:55:27.527Z",
    "updated_at": "2025-05-20T00:31:48.811Z"
  }
},
{
  "model": "core.leaveprice",
  "pk": 21,
  "fields": {
    "leave_type": "sick_leave",
    "duration_days": 1,
    "price": "150.00",
    "pricing_type": "fixed",
    "client": null,
    "is_active": true,
    "created_at": "2025-05-12T22:55:27.584Z",
    "updated_at": "2025-05-12T22:55:27.586Z"
  }
},
{
  "model": "core.leaveprice",
  "pk": 22,
  "fields": {
    "leave_type": "sick_leave",
    "duration_days": 1,
    "price": "500.00",
    "pricing_type": "fixed",
    "client": 1,
    "is_active": true,
    "created_at": "2025-05-12T22:55:27.605Z",
    "updated_at": "2025-05-12T22:55:27.607Z"
  }
},
{
  "model": "core.leaveprice",
  "pk": 23,
  "fields": {
    "leave_type": "sick_leave",
    "duration_days": 1,
    "price": "450.00",
    "pricing_type": "fixed",
    "client": 2,
    "is_active": true,
    "created_at": "2025-05-12T22:55:27.696Z",
    "updated_at": "2025-05-20T00:31:04.305Z"
  }
},
{
  "model": "core.leaveprice",
  "pk": 24,
  "fields": {
    "leave_type": "companion_leave",
    "duration_days": 1,
    "price": "200.00",
    "pricing_type": "fixed",
    "client": null,
    "is_active": true,
    "created_at": "2025-05-12T22:55:27.838Z",
    "updated_at": "2025-05-12T22:55:27.839Z"
  }
},
{
  "model": "core.leaveprice",
  "pk": 25,
  "fields": {
    "leave_type": "companion_leave",
    "duration_days": 1,
    "price": "600.00",
    "pricing_type": "fixed",
    "client": 1,
    "is_active": true,
    "created_at": "2025-05-12T22:55:27.845Z",
    "updated_at": "2025-05-12T22:55:27.846Z"
  }
},
{
  "model": "core.leaveprice",
  "pk": 26,
  "fields": {
    "leave_type": "companion_leave",
    "duration_days": 1,
    "price": "550.00",
    "pricing_type": "fixed",
    "client": 3,
    "is_active": true,
    "created_at": "2025-05-12T22:55:27.854Z",
    "updated_at": "2025-05-12T22:55:27.855Z"
  }
},
{
  "model": "core.leaveprice",
  "pk": 27,
  "fields": {
    "leave_type": "sick_leave",
    "duration_days": 1,
    "price": "5.00",
    "pricing_type": "fixed",
    "client": 5,
    "is_active": true,
    "created_at": "2025-05-13T01:33:57.480Z",
    "updated_at": "2025-05-13T01:33:57.495Z"
  }
},
{
  "model": "core.sickleave",
  "pk": 1,
  "fields": {
    "leave_id": "SL-20250512-81976",
    "prefix": "PSL",
    "patient": 2,
    "doctor": 5,
    "start_date": "2025-02-28",
    "start_date_hijri": null,
    "end_date": "2025-03-02",
    "end_date_hijri": null,
    "duration_days": 3,
    "duration_days2": 1,
    "admission_date": "2025-02-27",
    "admission_date_hijri": null,
    "discharge_date": "2025-02-27",
    "discharge_date_hijri": null,
    "issue_date": "2025-02-28",
    "issue_date_hijri": null,
    "created_date": "2025-05-22T00:00:00Z",
    "status": "expired",
    "created_at": "2025-05-12T20:50:57.413Z",
    "updated_at": "2025-05-12T20:50:57.413Z"
  }
},
{
  "model": "core.sickleave",
  "pk": 2,
  "fields": {
    "leave_id": "SL-20250512-42560",
    "prefix": "PSL",
    "patient": 1,
    "doctor": 3,
    "start_date": "2025-05-11",
    "start_date_hijri": "1446-11-13",
    "end_date": "2025-05-17",
    "end_date_hijri": "1446-11-19",
    "duration_days": 7,
    "duration_days2": 1,
    "admission_date": "2025-05-10",
    "admission_date_hijri": "1446-11-12",
    "discharge_date": "2025-05-10",
    "discharge_date_hijri": "1446-11-12",
    "issue_date": "2025-05-11",
    "issue_date_hijri": "1446-11-13",
    "created_date": "2025-05-22T00:00:00Z",
    "status": "expired",
    "created_at": "2025-05-12T20:50:57.422Z",
    "updated_at": "2025-05-20T05:01:16.051Z"
  }
},
{
  "model": "core.sickleave",
  "pk": 3,
  "fields": {
    "leave_id": "SL-20250512-38840",
    "prefix": "PSL",
    "patient": 8,
    "doctor": 4,
    "start_date": "2025-05-04",
    "start_date_hijri": null,
    "end_date": "2025-06-02",
    "end_date_hijri": null,
    "duration_days": 30,
    "duration_days2": 1,
    "admission_date": "2025-05-03",
    "admission_date_hijri": null,
    "discharge_date": "2025-05-03",
    "discharge_date_hijri": null,
    "issue_date": "2025-05-04",
    "issue_date_hijri": null,
    "created_date": "2025-05-22T00:00:00Z",
    "status": "active",
    "created_at": "2025-05-12T20:50:57.426Z",
    "updated_at": "2025-05-12T20:50:57.427Z"
  }
},
{
  "model": "core.sickleave",
  "pk": 4,
  "fields": {
    "leave_id": "SL-20250512-46076",
    "prefix": "PSL",
    "patient": 1,
    "doctor": 3,
    "start_date": "2025-04-04",
    "start_date_hijri": null,
    "end_date": "2025-04-04",
    "end_date_hijri": null,
    "duration_days": 1,
    "duration_days2": 1,
    "admission_date": "2025-04-01",
    "admission_date_hijri": null,
    "discharge_date": "2025-04-02",
    "discharge_date_hijri": null,
    "issue_date": "2025-04-03",
    "issue_date_hijri": null,
    "created_date": "2025-05-22T00:00:00Z",
    "status": "cancelled",
    "created_at": "2025-05-12T20:50:57.429Z",
    "updated_at": "2025-05-12T20:50:57.430Z"
  }
},
{
  "model": "core.sickleave",
  "pk": 5,
  "fields": {
    "leave_id": "SL-20250512-78877",
    "prefix": "PSL",
    "patient": 5,
    "doctor": 5,
    "start_date": "2025-03-19",
    "start_date_hijri": null,
    "end_date": "2025-04-01",
    "end_date_hijri": null,
    "duration_days": 14,
    "duration_days2": 1,
    "admission_date": "2025-03-17",
    "admission_date_hijri": null,
    "discharge_date": "2025-03-18",
    "discharge_date_hijri": null,
    "issue_date": "2025-03-19",
    "issue_date_hijri": null,
    "created_date": "2025-05-22T00:00:00Z",
    "status": "cancelled",
    "created_at": "2025-05-12T20:50:57.436Z",
    "updated_at": "2025-05-12T20:50:57.436Z"
  }
},
{
  "model": "core.sickleave",
  "pk": 6,
  "fields": {
    "leave_id": "SL-20250512-46959",
    "prefix": "PSL",
    "patient": 10,
    "doctor": 1,
    "start_date": "2025-04-13",
    "start_date_hijri": null,
    "end_date": "2025-05-12",
    "end_date_hijri": null,
    "duration_days": 30,
    "duration_days2": 1,
    "admission_date": "2025-04-11",
    "admission_date_hijri": null,
    "discharge_date": "2025-04-12",
    "discharge_date_hijri": null,
    "issue_date": "2025-04-13",
    "issue_date_hijri": null,
    "created_date": "2025-05-22T00:00:00Z",
    "status": "active",
    "created_at": "2025-05-12T20:50:57.438Z",
    "updated_at": "2025-05-12T20:50:57.439Z"
  }
},
{
  "model": "core.sickleave",
  "pk": 7,
  "fields": {
    "leave_id": "SL-20250512-73082",
    "prefix": "PSL",
    "patient": 8,
    "doctor": 3,
    "start_date": "2025-03-03",
    "start_date_hijri": null,
    "end_date": "2025-04-01",
    "end_date_hijri": null,
    "duration_days": 30,
    "duration_days2": 1,
    "admission_date": "2025-03-02",
    "admission_date_hijri": null,
    "discharge_date": "2025-03-02",
    "discharge_date_hijri": null,
    "issue_date": "2025-03-03",
    "issue_date_hijri": null,
    "created_date": "2025-05-22T00:00:00Z",
    "status": "expired",
    "created_at": "2025-05-12T20:50:57.441Z",
    "updated_at": "2025-05-12T20:50:57.442Z"
  }
},
{
  "model": "core.sickleave",
  "pk": 8,
  "fields": {
    "leave_id": "SL-20250512-39112",
    "prefix": "PSL",
    "patient": 6,
    "doctor": 2,
    "start_date": "2025-02-11",
    "start_date_hijri": null,
    "end_date": "2025-02-15",
    "end_date_hijri": null,
    "duration_days": 5,
    "duration_days2": 1,
    "admission_date": "2025-02-09",
    "admission_date_hijri": null,
    "discharge_date": "2025-02-10",
    "discharge_date_hijri": null,
    "issue_date": "2025-02-11",
    "issue_date_hijri": null,
    "created_date": "2025-05-22T00:00:00Z",
    "status": "expired",
    "created_at": "2025-05-12T20:50:57.444Z",
    "updated_at": "2025-05-12T20:50:57.444Z"
  }
},
{
  "model": "core.sickleave",
  "pk": 9,
  "fields": {
    "leave_id": "SL-20250512-67803",
    "prefix": "PSL",
    "patient": 7,
    "doctor": 3,
    "start_date": "2025-03-18",
    "start_date_hijri": null,
    "end_date": "2025-03-18",
    "end_date_hijri": null,
    "duration_days": 1,
    "duration_days2": 1,
    "admission_date": "2025-03-17",
    "admission_date_hijri": null,
    "discharge_date": "2025-03-17",
    "discharge_date_hijri": null,
    "issue_date": "2025-03-18",
    "issue_date_hijri": null,
    "created_date": "2025-05-22T00:00:00Z",
    "status": "expired",
    "created_at": "2025-05-12T20:50:57.458Z",
    "updated_at": "2025-05-12T20:50:57.459Z"
  }
},
{
  "model": "core.sickleave",
  "pk": 10,
  "fields": {
    "leave_id": "SL-20250512-25660",
    "prefix": "PSL",
    "patient": 3,
    "doctor": 4,
    "start_date": "2025-05-05",
    "start_date_hijri": null,
    "end_date": "2025-05-05",
    "end_date_hijri": null,
    "duration_days": 1,
    "duration_days2": 1,
    "admission_date": "2025-05-03",
    "admission_date_hijri": null,
    "discharge_date": "2025-05-03",
    "discharge_date_hijri": null,
    "issue_date": "2025-05-04",
    "issue_date_hijri": null,
    "created_date": "2025-05-22T00:00:00Z",
    "status": "expired",
    "created_at": "2025-05-12T20:50:57.461Z",
    "updated_at": "2025-05-12T20:50:57.462Z"
  }
},
{
  "model": "core.sickleave",
  "pk": 11,
  "fields": {
    "leave_id": "SL-20250512-69875",
    "prefix": "PSL",
    "patient": 6,
    "doctor": 1,
    "start_date": "2025-04-10",
    "start_date_hijri": null,
    "end_date": "2025-04-14",
    "end_date_hijri": null,
    "duration_days": 5,
    "duration_days2": 1,
    "admission_date": "2025-04-08",
    "admission_date_hijri": null,
    "discharge_date": "2025-04-08",
    "discharge_date_hijri": null,
    "issue_date": "2025-04-09",
    "issue_date_hijri": null,
    "created_date": "2025-05-22T00:00:00Z",
    "status": "expired",
    "created_at": "2025-05-12T20:50:57.464Z",
    "updated_at": "2025-05-12T20:50:57.468Z"
  }
},
{
  "model": "core.sickleave",
  "pk": 12,
  "fields": {
    "leave_id": "SL-20250512-73868",
    "prefix": "PSL",
    "patient": 8,
    "doctor": 4,
    "start_date": "2025-04-29",
    "start_date_hijri": null,
    "end_date": "2025-05-08",
    "end_date_hijri": null,
    "duration_days": 10,
    "duration_days2": 1,
    "admission_date": "2025-04-28",
    "admission_date_hijri": null,
    "discharge_date": "2025-04-28",
    "discharge_date_hijri": null,
    "issue_date": "2025-04-29",
    "issue_date_hijri": null,
    "created_date": "2025-05-22T00:00:00Z",
    "status": "expired",
    "created_at": "2025-05-12T20:50:57.469Z",
    "updated_at": "2025-05-12T20:50:57.470Z"
  }
},
{
  "model": "core.sickleave",
  "pk": 13,
  "fields": {
    "leave_id": "SL-20250512-36442",
    "prefix": "PSL",
    "patient": 8,
    "doctor": 2,
    "start_date": "2025-02-11",
    "start_date_hijri": null,
    "end_date": "2025-03-12",
    "end_date_hijri": null,
    "duration_days": 30,
    "duration_days2": 1,
    "admission_date": "2025-02-10",
    "admission_date_hijri": null,
    "discharge_date": "2025-02-10",
    "discharge_date_hijri": null,
    "issue_date": "2025-02-11",
    "issue_date_hijri": null,
    "created_date": "2025-05-22T00:00:00Z",
    "status": "expired",
    "created_at": "2025-05-12T20:50:57.472Z",
    "updated_at": "2025-05-12T20:50:57.472Z"
  }
},
{
  "model": "core.sickleave",
  "pk": 14,
  "fields": {
    "leave_id": "SL-20250512-65457",
    "prefix": "PSL",
    "patient": 7,
    "doctor": 2,
    "start_date": "2025-04-16",
    "start_date_hijri": null,
    "end_date": "2025-04-18",
    "end_date_hijri": null,
    "duration_days": 3,
    "duration_days2": 1,
    "admission_date": "2025-04-14",
    "admission_date_hijri": null,
    "discharge_date": "2025-04-15",
    "discharge_date_hijri": null,
    "issue_date": "2025-04-16",
    "issue_date_hijri": null,
    "created_date": "2025-05-22T00:00:00Z",
    "status": "expired",
    "created_at": "2025-05-12T20:50:57.474Z",
    "updated_at": "2025-05-12T20:50:57.474Z"
  }
},
{
  "model": "core.sickleave",
  "pk": 15,
  "fields": {
    "leave_id": "SL-20250512-47958",
    "prefix": "PSL",
    "patient": 10,
    "doctor": 4,
    "start_date": "2025-03-21",
    "start_date_hijri": null,
    "end_date": "2025-03-23",
    "end_date_hijri": null,
    "duration_days": 3,
    "duration_days2": 1,
    "admission_date": "2025-03-20",
    "admission_date_hijri": null,
    "discharge_date": "2025-03-20",
    "discharge_date_hijri": null,
    "issue_date": "2025-03-21",
    "issue_date_hijri": null,
    "created_date": "2025-05-22T00:00:00Z",
    "status": "expired",
    "created_at": "2025-05-12T20:50:57.476Z",
    "updated_at": "2025-05-12T20:50:57.477Z"
  }
},
{
  "model": "core.sickleave",
  "pk": 16,
  "fields": {
    "leave_id": "SL-20250513-77022",
    "prefix": "PSL",
    "patient": 2,
    "doctor": 1,
    "start_date": "2025-05-13",
    "start_date_hijri": null,
    "end_date": "2025-05-13",
    "end_date_hijri": null,
    "duration_days": 1,
    "duration_days2": 1,
    "admission_date": "2025-05-13",
    "admission_date_hijri": null,
    "discharge_date": "2025-05-14",
    "discharge_date_hijri": null,
    "issue_date": "2025-05-13",
    "issue_date_hijri": null,
    "created_date": "2025-05-22T00:00:00Z",
    "status": "active",
    "created_at": "2025-05-12T21:19:43.386Z",
    "updated_at": "2025-05-12T21:19:43.508Z"
  }
},
{
  "model": "core.sickleave",
  "pk": 17,
  "fields": {
    "leave_id": "SL-20250513-44123",
    "prefix": "PSL",
    "patient": 3,
    "doctor": 1,
    "start_date": "2025-05-13",
    "start_date_hijri": null,
    "end_date": "2025-05-13",
    "end_date_hijri": null,
    "duration_days": 1,
    "duration_days2": 1,
    "admission_date": "2025-05-14",
    "admission_date_hijri": null,
    "discharge_date": "2025-05-13",
    "discharge_date_hijri": null,
    "issue_date": "2025-05-13",
    "issue_date_hijri": null,
    "created_date": "2025-05-22T00:00:00Z",
    "status": "active",
    "created_at": "2025-05-12T21:24:17.679Z",
    "updated_at": "2025-05-12T22:07:41.994Z"
  }
},
{
  "model": "core.sickleave",
  "pk": 18,
  "fields": {
    "leave_id": "SL-20250513-12970",
    "prefix": "PSL",
    "patient": 22,
    "doctor": 2,
    "start_date": "2025-04-02",
    "start_date_hijri": null,
    "end_date": "2025-04-06",
    "end_date_hijri": null,
    "duration_days": 5,
    "duration_days2": 1,
    "admission_date": "2025-03-31",
    "admission_date_hijri": null,
    "discharge_date": "2025-04-01",
    "discharge_date_hijri": null,
    "issue_date": "2025-04-02",
    "issue_date_hijri": null,
    "created_date": "2025-05-22T00:00:00Z",
    "status": "expired",
    "created_at": "2025-05-12T22:56:51.873Z",
    "updated_at": "2025-05-12T22:56:51.873Z"
  }
},
{
  "model": "core.sickleave",
  "pk": 19,
  "fields": {
    "leave_id": "SL-20250513-56047",
    "prefix": "PSL",
    "patient": 29,
    "doctor": 5,
    "start_date": "2025-05-10",
    "start_date_hijri": null,
    "end_date": "2025-05-14",
    "end_date_hijri": null,
    "duration_days": 5,
    "duration_days2": 1,
    "admission_date": "2025-05-09",
    "admission_date_hijri": null,
    "discharge_date": "2025-05-09",
    "discharge_date_hijri": null,
    "issue_date": "2025-05-10",
    "issue_date_hijri": null,
    "created_date": "2025-05-22T00:00:00Z",
    "status": "active",
    "created_at": "2025-05-12T22:56:51.964Z",
    "updated_at": "2025-05-12T22:56:51.968Z"
  }
},
{
  "model": "core.sickleave",
  "pk": 20,
  "fields": {
    "leave_id": "SL-20250513-20401",
    "prefix": "PSL",
    "patient": 17,
    "doctor": 4,
    "start_date": "2025-04-08",
    "start_date_hijri": null,
    "end_date": "2025-04-14",
    "end_date_hijri": null,
    "duration_days": 7,
    "duration_days2": 1,
    "admission_date": "2025-04-05",
    "admission_date_hijri": null,
    "discharge_date": "2025-04-06",
    "discharge_date_hijri": null,
    "issue_date": "2025-04-07",
    "issue_date_hijri": null,
    "created_date": "2025-05-22T00:00:00Z",
    "status": "expired",
    "created_at": "2025-05-12T22:56:52.075Z",
    "updated_at": "2025-05-12T22:56:52.076Z"
  }
},
{
  "model": "core.sickleave",
  "pk": 21,
  "fields": {
    "leave_id": "SL-20250513-80837",
    "prefix": "PSL",
    "patient": 20,
    "doctor": 1,
    "start_date": "2025-04-19",
    "start_date_hijri": null,
    "end_date": "2025-04-19",
    "end_date_hijri": null,
    "duration_days": 1,
    "duration_days2": 1,
    "admission_date": "2025-04-17",
    "admission_date_hijri": null,
    "discharge_date": "2025-04-17",
    "discharge_date_hijri": null,
    "issue_date": "2025-04-18",
    "issue_date_hijri": null,
    "created_date": "2025-05-22T00:00:00Z",
    "status": "expired",
    "created_at": "2025-05-12T22:56:52.096Z",
    "updated_at": "2025-05-12T22:56:52.097Z"
  }
},
{
  "model": "core.sickleave",
  "pk": 22,
  "fields": {
    "leave_id": "SL-20250513-14240",
    "prefix": "PSL",
    "patient": 24,
    "doctor": 2,
    "start_date": "2025-04-10",
    "start_date_hijri": null,
    "end_date": "2025-04-23",
    "end_date_hijri": null,
    "duration_days": 14,
    "duration_days2": 1,
    "admission_date": "2025-04-08",
    "admission_date_hijri": null,
    "discharge_date": "2025-04-08",
    "discharge_date_hijri": null,
    "issue_date": "2025-04-09",
    "issue_date_hijri": null,
    "created_date": "2025-05-22T00:00:00Z",
    "status": "expired",
    "created_at": "2025-05-12T22:56:52.098Z",
    "updated_at": "2025-05-12T22:56:52.099Z"
  }
},
{
  "model": "core.sickleave",
  "pk": 23,
  "fields": {
    "leave_id": "SL-20250513-49935",
    "prefix": "PSL",
    "patient": 14,
    "doctor": 3,
    "start_date": "2025-02-18",
    "start_date_hijri": null,
    "end_date": "2025-02-27",
    "end_date_hijri": null,
    "duration_days": 10,
    "duration_days2": 1,
    "admission_date": "2025-02-16",
    "admission_date_hijri": null,
    "discharge_date": "2025-02-17",
    "discharge_date_hijri": null,
    "issue_date": "2025-02-18",
    "issue_date_hijri": null,
    "created_date": "2025-05-22T00:00:00Z",
    "status": "cancelled",
    "created_at": "2025-05-12T22:56:52.126Z",
    "updated_at": "2025-05-12T22:56:52.127Z"
  }
},
{
  "model": "core.sickleave",
  "pk": 24,
  "fields": {
    "leave_id": "SL-20250513-90471",
    "prefix": "PSL",
    "patient": 15,
    "doctor": 3,
    "start_date": "2025-04-19",
    "start_date_hijri": null,
    "end_date": "2025-04-23",
    "end_date_hijri": null,
    "duration_days": 5,
    "duration_days2": 1,
    "admission_date": "2025-04-16",
    "admission_date_hijri": null,
    "discharge_date": "2025-04-17",
    "discharge_date_hijri": null,
    "issue_date": "2025-04-18",
    "issue_date_hijri": null,
    "created_date": "2025-05-22T00:00:00Z",
    "status": "expired",
    "created_at": "2025-05-12T22:56:52.130Z",
    "updated_at": "2025-05-12T22:56:52.131Z"
  }
},
{
  "model": "core.sickleave",
  "pk": 25,
  "fields": {
    "leave_id": "SL-20250513-79484",
    "prefix": "PSL",
    "patient": 16,
    "doctor": 3,
    "start_date": "2025-03-23",
    "start_date_hijri": null,
    "end_date": "2025-04-21",
    "end_date_hijri": null,
    "duration_days": 30,
    "duration_days2": 1,
    "admission_date": "2025-03-21",
    "admission_date_hijri": null,
    "discharge_date": "2025-03-22",
    "discharge_date_hijri": null,
    "issue_date": "2025-03-23",
    "issue_date_hijri": null,
    "created_date": "2025-05-22T00:00:00Z",
    "status": "expired",
    "created_at": "2025-05-12T22:56:52.136Z",
    "updated_at": "2025-05-12T22:56:52.137Z"
  }
},
{
  "model": "core.sickleave",
  "pk": 26,
  "fields": {
    "leave_id": "SL-20250513-80114",
    "prefix": "PSL",
    "patient": 30,
    "doctor": 3,
    "start_date": "2025-02-22",
    "start_date_hijri": null,
    "end_date": "2025-02-24",
    "end_date_hijri": null,
    "duration_days": 3,
    "duration_days2": 1,
    "admission_date": "2025-02-21",
    "admission_date_hijri": null,
    "discharge_date": "2025-02-21",
    "discharge_date_hijri": null,
    "issue_date": "2025-02-22",
    "issue_date_hijri": null,
    "created_date": "2025-05-22T00:00:00Z",
    "status": "expired",
    "created_at": "2025-05-12T22:56:52.143Z",
    "updated_at": "2025-05-12T22:56:52.144Z"
  }
},
{
  "model": "core.sickleave",
  "pk": 27,
  "fields": {
    "leave_id": "SL-20250513-43847",
    "prefix": "PSL",
    "patient": 24,
    "doctor": 5,
    "start_date": "2025-04-27",
    "start_date_hijri": null,
    "end_date": "2025-05-01",
    "end_date_hijri": null,
    "duration_days": 5,
    "duration_days2": 1,
    "admission_date": "2025-04-25",
    "admission_date_hijri": null,
    "discharge_date": "2025-04-25",
    "discharge_date_hijri": null,
    "issue_date": "2025-04-26",
    "issue_date_hijri": null,
    "created_date": "2025-05-22T00:00:00Z",
    "status": "expired",
    "created_at": "2025-05-12T22:56:52.146Z",
    "updated_at": "2025-05-12T22:56:52.147Z"
  }
},
{
  "model": "core.sickleave",
  "pk": 28,
  "fields": {
    "leave_id": "SL-20250513-52916",
    "prefix": "PSL",
    "patient": 30,
    "doctor": 4,
    "start_date": "2025-05-08",
    "start_date_hijri": null,
    "end_date": "2025-05-17",
    "end_date_hijri": null,
    "duration_days": 10,
    "duration_days2": 1,
    "admission_date": "2025-05-05",
    "admission_date_hijri": null,
    "discharge_date": "2025-05-06",
    "discharge_date_hijri": null,
    "issue_date": "2025-05-07",
    "issue_date_hijri": null,
    "created_date": "2025-05-22T00:00:00Z",
    "status": "active",
    "created_at": "2025-05-12T22:56:52.151Z",
    "updated_at": "2025-05-12T22:56:52.153Z"
  }
},
{
  "model": "core.sickleave",
  "pk": 29,
  "fields": {
    "leave_id": "SL-20250513-49478",
    "prefix": "PSL",
    "patient": 15,
    "doctor": 3,
    "start_date": "2025-03-23",
    "start_date_hijri": null,
    "end_date": "2025-03-25",
    "end_date_hijri": null,
    "duration_days": 3,
    "duration_days2": 1,
    "admission_date": "2025-03-22",
    "admission_date_hijri": null,
    "discharge_date": "2025-03-22",
    "discharge_date_hijri": null,
    "issue_date": "2025-03-23",
    "issue_date_hijri": null,
    "created_date": "2025-05-22T00:00:00Z",
    "status": "expired",
    "created_at": "2025-05-12T22:56:52.161Z",
    "updated_at": "2025-05-12T22:56:52.161Z"
  }
},
{
  "model": "core.sickleave",
  "pk": 30,
  "fields": {
    "leave_id": "SL-20250513-78600",
    "prefix": "PSL",
    "patient": 22,
    "doctor": 2,
    "start_date": "2025-02-16",
    "start_date_hijri": null,
    "end_date": "2025-02-16",
    "end_date_hijri": null,
    "duration_days": 1,
    "duration_days2": 1,
    "admission_date": "2025-02-14",
    "admission_date_hijri": null,
    "discharge_date": "2025-02-14",
    "discharge_date_hijri": null,
    "issue_date": "2025-02-15",
    "issue_date_hijri": null,
    "created_date": "2025-05-22T00:00:00Z",
    "status": "expired",
    "created_at": "2025-05-12T22:56:52.162Z",
    "updated_at": "2025-05-12T22:56:52.163Z"
  }
},
{
  "model": "core.sickleave",
  "pk": 31,
  "fields": {
    "leave_id": "SL-20250513-35743",
    "prefix": "PSL",
    "patient": 25,
    "doctor": 3,
    "start_date": "2025-02-16",
    "start_date_hijri": null,
    "end_date": "2025-02-17",
    "end_date_hijri": null,
    "duration_days": 2,
    "duration_days2": 1,
    "admission_date": "2025-02-14",
    "admission_date_hijri": null,
    "discharge_date": "2025-02-15",
    "discharge_date_hijri": null,
    "issue_date": "2025-02-16",
    "issue_date_hijri": null,
    "created_date": "2025-05-22T00:00:00Z",
    "status": "cancelled",
    "created_at": "2025-05-12T22:56:52.165Z",
    "updated_at": "2025-05-12T22:56:52.166Z"
  }
},
{
  "model": "core.sickleave",
  "pk": 32,
  "fields": {
    "leave_id": "SL-20250513-80760",
    "prefix": "PSL",
    "patient": 22,
    "doctor": 2,
    "start_date": "2025-04-13",
    "start_date_hijri": null,
    "end_date": "2025-05-12",
    "end_date_hijri": null,
    "duration_days": 30,
    "duration_days2": 1,
    "admission_date": "2025-04-12",
    "admission_date_hijri": null,
    "discharge_date": "2025-04-12",
    "discharge_date_hijri": null,
    "issue_date": "2025-04-13",
    "issue_date_hijri": null,
    "created_date": "2025-05-22T00:00:00Z",
    "status": "cancelled",
    "created_at": "2025-05-12T22:56:52.175Z",
    "updated_at": "2025-05-12T22:56:52.175Z"
  }
},
{
  "model": "core.sickleave",
  "pk": 33,
  "fields": {
    "leave_id": "SL-20250513-98910",
    "prefix": "PSL",
    "patient": 27,
    "doctor": 2,
    "start_date": "2025-04-01",
    "start_date_hijri": null,
    "end_date": "2025-04-05",
    "end_date_hijri": null,
    "duration_days": 5,
    "duration_days2": 1,
    "admission_date": "2025-03-30",
    "admission_date_hijri": null,
    "discharge_date": "2025-03-30",
    "discharge_date_hijri": null,
    "issue_date": "2025-03-31",
    "issue_date_hijri": null,
    "created_date": "2025-05-22T00:00:00Z",
    "status": "expired",
    "created_at": "2025-05-12T22:56:52.177Z",
    "updated_at": "2025-05-12T22:56:52.177Z"
  }
},
{
  "model": "core.sickleave",
  "pk": 34,
  "fields": {
    "leave_id": "SL-20250513-84687",
    "prefix": "PSL",
    "patient": 20,
    "doctor": 2,
    "start_date": "2025-04-17",
    "start_date_hijri": null,
    "end_date": "2025-04-30",
    "end_date_hijri": null,
    "duration_days": 14,
    "duration_days2": 1,
    "admission_date": "2025-04-16",
    "admission_date_hijri": null,
    "discharge_date": "2025-04-16",
    "discharge_date_hijri": null,
    "issue_date": "2025-04-17",
    "issue_date_hijri": null,
    "created_date": "2025-05-22T00:00:00Z",
    "status": "expired",
    "created_at": "2025-05-12T22:56:52.184Z",
    "updated_at": "2025-05-12T22:56:52.185Z"
  }
},
{
  "model": "core.sickleave",
  "pk": 35,
  "fields": {
    "leave_id": "SL-20250513-13024",
    "prefix": "PSL",
    "patient": 20,
    "doctor": 4,
    "start_date": "2025-05-09",
    "start_date_hijri": null,
    "end_date": "2025-05-10",
    "end_date_hijri": null,
    "duration_days": 2,
    "duration_days2": 1,
    "admission_date": "2025-05-07",
    "admission_date_hijri": null,
    "discharge_date": "2025-05-08",
    "discharge_date_hijri": null,
    "issue_date": "2025-05-09",
    "issue_date_hijri": null,
    "created_date": "2025-05-22T00:00:00Z",
    "status": "expired",
    "created_at": "2025-05-12T22:56:52.193Z",
    "updated_at": "2025-05-12T22:56:52.193Z"
  }
},
{
  "model": "core.sickleave",
  "pk": 36,
  "fields": {
    "leave_id": "SL-20250513-79015",
    "prefix": "PSL",
    "patient": 28,
    "doctor": 2,
    "start_date": "2025-03-04",
    "start_date_hijri": null,
    "end_date": "2025-03-10",
    "end_date_hijri": null,
    "duration_days": 7,
    "duration_days2": 1,
    "admission_date": "2025-03-03",
    "admission_date_hijri": null,
    "discharge_date": "2025-03-03",
    "discharge_date_hijri": null,
    "issue_date": "2025-03-04",
    "issue_date_hijri": null,
    "created_date": "2025-05-22T00:00:00Z",
    "status": "expired",
    "created_at": "2025-05-12T22:56:52.195Z",
    "updated_at": "2025-05-12T22:56:52.195Z"
  }
},
{
  "model": "core.sickleave",
  "pk": 37,
  "fields": {
    "leave_id": "SL-20250513-58758",
    "prefix": "PSL",
    "patient": 16,
    "doctor": 1,
    "start_date": "2025-03-04",
    "start_date_hijri": null,
    "end_date": "2025-03-17",
    "end_date_hijri": null,
    "duration_days": 14,
    "duration_days2": 1,
    "admission_date": "2025-03-02",
    "admission_date_hijri": null,
    "discharge_date": "2025-03-02",
    "discharge_date_hijri": null,
    "issue_date": "2025-03-03",
    "issue_date_hijri": null,
    "created_date": "2025-05-22T00:00:00Z",
    "status": "expired",
    "created_at": "2025-05-12T22:56:52.207Z",
    "updated_at": "2025-05-12T22:56:52.208Z"
  }
},
{
  "model": "core.sickleave",
  "pk": 38,
  "fields": {
    "leave_id": "SL-20250513-36338",
    "prefix": "PSL",
    "patient": 14,
    "doctor": 4,
    "start_date": "2025-04-04",
    "start_date_hijri": null,
    "end_date": "2025-04-05",
    "end_date_hijri": null,
    "duration_days": 2,
    "duration_days2": 1,
    "admission_date": "2025-04-01",
    "admission_date_hijri": null,
    "discharge_date": "2025-04-02",
    "discharge_date_hijri": null,
    "issue_date": "2025-04-03",
    "issue_date_hijri": null,
    "created_date": "2025-05-22T00:00:00Z",
    "status": "expired",
    "created_at": "2025-05-12T22:56:52.210Z",
    "updated_at": "2025-05-12T22:56:52.210Z"
  }
},
{
  "model": "core.sickleave",
  "pk": 39,
  "fields": {
    "leave_id": "SL-20250513-44079",
    "prefix": "PSL",
    "patient": 28,
    "doctor": 1,
    "start_date": "2025-03-03",
    "start_date_hijri": null,
    "end_date": "2025-03-04",
    "end_date_hijri": null,
    "duration_days": 2,
    "duration_days2": 1,
    "admission_date": "2025-03-02",
    "admission_date_hijri": null,
    "discharge_date": "2025-03-02",
    "discharge_date_hijri": null,
    "issue_date": "2025-03-03",
    "issue_date_hijri": null,
    "created_date": "2025-05-22T00:00:00Z",
    "status": "expired",
    "created_at": "2025-05-12T22:56:52.212Z",
    "updated_at": "2025-05-12T22:56:52.213Z"
  }
},
{
  "model": "core.sickleave",
  "pk": 40,
  "fields": {
    "leave_id": "SL-20250513-66318",
    "prefix": "PSL",
    "patient": 30,
    "doctor": 4,
    "start_date": "2025-04-12",
    "start_date_hijri": null,
    "end_date": "2025-04-21",
    "end_date_hijri": null,
    "duration_days": 10,
    "duration_days2": 1,
    "admission_date": "2025-04-11",
    "admission_date_hijri": null,
    "discharge_date": "2025-04-11",
    "discharge_date_hijri": null,
    "issue_date": "2025-04-12",
    "issue_date_hijri": null,
    "created_date": "2025-05-22T00:00:00Z",
    "status": "expired",
    "created_at": "2025-05-12T22:56:52.228Z",
    "updated_at": "2025-05-12T22:56:52.228Z"
  }
},
{
  "model": "core.sickleave",
  "pk": 41,
  "fields": {
    "leave_id": "SL-20250513-96257",
    "prefix": "PSL",
    "patient": 11,
    "doctor": 1,
    "start_date": "2025-03-22",
    "start_date_hijri": null,
    "end_date": "2025-04-20",
    "end_date_hijri": null,
    "duration_days": 30,
    "duration_days2": 1,
    "admission_date": "2025-03-21",
    "admission_date_hijri": null,
    "discharge_date": "2025-03-21",
    "discharge_date_hijri": null,
    "issue_date": "2025-03-22",
    "issue_date_hijri": null,
    "created_date": "2025-05-22T00:00:00Z",
    "status": "cancelled",
    "created_at": "2025-05-12T22:56:52.230Z",
    "updated_at": "2025-05-12T22:56:52.231Z"
  }
},
{
  "model": "core.sickleave",
  "pk": 42,
  "fields": {
    "leave_id": "SL-20250513-94045",
    "prefix": "PSL",
    "patient": 15,
    "doctor": 4,
    "start_date": "2025-04-16",
    "start_date_hijri": null,
    "end_date": "2025-04-29",
    "end_date_hijri": null,
    "duration_days": 14,
    "duration_days2": 1,
    "admission_date": "2025-04-14",
    "admission_date_hijri": null,
    "discharge_date": "2025-04-14",
    "discharge_date_hijri": null,
    "issue_date": "2025-04-15",
    "issue_date_hijri": null,
    "created_date": "2025-05-22T00:00:00Z",
    "status": "expired",
    "created_at": "2025-05-12T22:56:52.234Z",
    "updated_at": "2025-05-12T22:56:52.234Z"
  }
},
{
  "model": "core.sickleave",
  "pk": 43,
  "fields": {
    "leave_id": "SL-20250513-30720",
    "prefix": "PSL",
    "patient": 15,
    "doctor": 3,
    "start_date": "2025-03-17",
    "start_date_hijri": null,
    "end_date": "2025-03-23",
    "end_date_hijri": null,
    "duration_days": 7,
    "duration_days2": 1,
    "admission_date": "2025-03-15",
    "admission_date_hijri": null,
    "discharge_date": "2025-03-16",
    "discharge_date_hijri": null,
    "issue_date": "2025-03-17",
    "issue_date_hijri": null,
    "created_date": "2025-05-22T00:00:00Z",
    "status": "cancelled",
    "created_at": "2025-05-12T22:56:52.269Z",
    "updated_at": "2025-05-12T22:56:52.270Z"
  }
},
{
  "model": "core.sickleave",
  "pk": 44,
  "fields": {
    "leave_id": "SL-20250513-73445",
    "prefix": "PSL",
    "patient": 25,
    "doctor": 3,
    "start_date": "2025-03-01",
    "start_date_hijri": null,
    "end_date": "2025-03-07",
    "end_date_hijri": null,
    "duration_days": 7,
    "duration_days2": 1,
    "admission_date": "2025-02-27",
    "admission_date_hijri": null,
    "discharge_date": "2025-02-27",
    "discharge_date_hijri": null,
    "issue_date": "2025-02-28",
    "issue_date_hijri": null,
    "created_date": "2025-05-22T00:00:00Z",
    "status": "expired",
    "created_at": "2025-05-12T22:56:52.312Z",
    "updated_at": "2025-05-12T22:56:52.313Z"
  }
},
{
  "model": "core.sickleave",
  "pk": 45,
  "fields": {
    "leave_id": "SL-20250513-80307",
    "prefix": "PSL",
    "patient": 14,
    "doctor": 3,
    "start_date": "2025-02-13",
    "start_date_hijri": null,
    "end_date": "2025-02-19",
    "end_date_hijri": null,
    "duration_days": 7,
    "duration_days2": 1,
    "admission_date": "2025-02-11",
    "admission_date_hijri": null,
    "discharge_date": "2025-02-12",
    "discharge_date_hijri": null,
    "issue_date": "2025-02-13",
    "issue_date_hijri": null,
    "created_date": "2025-05-22T00:00:00Z",
    "status": "expired",
    "created_at": "2025-05-12T22:56:52.314Z",
    "updated_at": "2025-05-12T22:56:52.315Z"
  }
},
{
  "model": "core.sickleave",
  "pk": 46,
  "fields": {
    "leave_id": "SL-20250513-55143",
    "prefix": "PSL",
    "patient": 18,
    "doctor": 2,
    "start_date": "2025-05-09",
    "start_date_hijri": null,
    "end_date": "2025-05-11",
    "end_date_hijri": null,
    "duration_days": 3,
    "duration_days2": 1,
    "admission_date": "2025-05-06",
    "admission_date_hijri": null,
    "discharge_date": "2025-05-07",
    "discharge_date_hijri": null,
    "issue_date": "2025-05-08",
    "issue_date_hijri": null,
    "created_date": "2025-05-22T00:00:00Z",
    "status": "expired",
    "created_at": "2025-05-12T22:56:52.326Z",
    "updated_at": "2025-05-12T22:56:52.326Z"
  }
},
{
  "model": "core.sickleave",
  "pk": 47,
  "fields": {
    "leave_id": "SL-20250513-91204",
    "prefix": "PSL",
    "patient": 22,
    "doctor": 3,
    "start_date": "2025-02-22",
    "start_date_hijri": null,
    "end_date": "2025-03-03",
    "end_date_hijri": null,
    "duration_days": 10,
    "duration_days2": 1,
    "admission_date": "2025-02-20",
    "admission_date_hijri": null,
    "discharge_date": "2025-02-21",
    "discharge_date_hijri": null,
    "issue_date": "2025-02-22",
    "issue_date_hijri": null,
    "created_date": "2025-05-22T00:00:00Z",
    "status": "expired",
    "created_at": "2025-05-12T22:56:52.328Z",
    "updated_at": "2025-05-12T22:56:52.329Z"
  }
},
{
  "model": "core.sickleave",
  "pk": 48,
  "fields": {
    "leave_id": "SL-20250513-73490",
    "prefix": "PSL",
    "patient": 31,
    "doctor": 1,
    "start_date": "2025-05-13",
    "start_date_hijri": null,
    "end_date": "2025-05-13",
    "end_date_hijri": null,
    "duration_days": 1,
    "duration_days2": 1,
    "admission_date": null,
    "admission_date_hijri": null,
    "discharge_date": null,
    "discharge_date_hijri": null,
    "issue_date": "2025-05-13",
    "issue_date_hijri": null,
    "created_date": "2025-05-22T00:00:00Z",
    "status": "active",
    "created_at": "2025-05-12T23:41:59.175Z",
    "updated_at": "2025-05-12T23:41:59.175Z"
  }
},
{
  "model": "core.sickleave",
  "pk": 49,
  "fields": {
    "leave_id": "GSL-20250513-64101",
    "prefix": "PSL",
    "patient": 14,
    "doctor": 1,
    "start_date": "2025-05-13",
    "start_date_hijri": null,
    "end_date": "2025-05-13",
    "end_date_hijri": null,
    "duration_days": 1,
    "duration_days2": 1,
    "admission_date": "2025-05-13",
    "admission_date_hijri": null,
    "discharge_date": "2025-05-13",
    "discharge_date_hijri": null,
    "issue_date": "2025-05-13",
    "issue_date_hijri": null,
    "created_date": "2025-05-22T00:00:00Z",
    "status": "active",
    "created_at": "2025-05-12T23:49:55.057Z",
    "updated_at": "2025-05-12T23:49:55.091Z"
  }
},
{
  "model": "core.sickleave",
  "pk": 50,
  "fields": {
    "leave_id": "SL-20250513-13718",
    "prefix": "PSL",
    "patient": 32,
    "doctor": 7,
    "start_date": "2025-05-13",
    "start_date_hijri": null,
    "end_date": "2025-05-13",
    "end_date_hijri": null,
    "duration_days": 1,
    "duration_days2": 1,
    "admission_date": "2025-05-13",
    "admission_date_hijri": null,
    "discharge_date": "2025-05-13",
    "discharge_date_hijri": null,
    "issue_date": "2025-05-13",
    "issue_date_hijri": null,
    "created_date": "2025-05-22T00:00:00Z",
    "status": "active",
    "created_at": "2025-05-13T01:02:35.129Z",
    "updated_at": "2025-05-13T01:02:35.195Z"
  }
},
{
  "model": "core.sickleave",
  "pk": 51,
  "fields": {
    "leave_id": "SL-20250514-38119",
    "prefix": "PSL",
    "patient": 33,
    "doctor": 8,
    "start_date": "2025-05-14",
    "start_date_hijri": null,
    "end_date": "2025-05-14",
    "end_date_hijri": null,
    "duration_days": 1,
    "duration_days2": 1,
    "admission_date": "2025-05-14",
    "admission_date_hijri": null,
    "discharge_date": "2025-05-14",
    "discharge_date_hijri": null,
    "issue_date": "2025-05-14",
    "issue_date_hijri": null,
    "created_date": "2025-05-22T00:00:00Z",
    "status": "active",
    "created_at": "2025-05-14T17:26:59.043Z",
    "updated_at": "2025-05-14T17:26:59.094Z"
  }
},
{
  "model": "core.sickleave",
  "pk": 52,
  "fields": {
    "leave_id": "SL-20250514-16184",
    "prefix": "PSL",
    "patient": 34,
    "doctor": 9,
    "start_date": "2025-05-14",
    "start_date_hijri": null,
    "end_date": "2025-05-14",
    "end_date_hijri": null,
    "duration_days": 1,
    "duration_days2": 1,
    "admission_date": "2025-05-14",
    "admission_date_hijri": null,
    "discharge_date": "2025-05-14",
    "discharge_date_hijri": null,
    "issue_date": "2025-05-14",
    "issue_date_hijri": null,
    "created_date": "2025-05-22T00:00:00Z",
    "status": "active",
    "created_at": "2025-05-14T17:56:07.573Z",
    "updated_at": "2025-05-14T17:56:07.601Z"
  }
},
{
  "model": "core.sickleave",
  "pk": 53,
  "fields": {
    "leave_id": "SL-20250514-86685",
    "prefix": "PSL",
    "patient": 28,
    "doctor": 10,
    "start_date": "2025-05-14",
    "start_date_hijri": null,
    "end_date": "2025-05-14",
    "end_date_hijri": null,
    "duration_days": 1,
    "duration_days2": 1,
    "admission_date": "2025-05-14",
    "admission_date_hijri": null,
    "discharge_date": "2025-05-14",
    "discharge_date_hijri": null,
    "issue_date": "2025-05-14",
    "issue_date_hijri": null,
    "created_date": "2025-05-22T00:00:00Z",
    "status": "active",
    "created_at": "2025-05-14T18:12:40.355Z",
    "updated_at": "2025-05-14T18:12:40.375Z"
  }
},
{
  "model": "core.sickleave",
  "pk": 54,
  "fields": {
    "leave_id": "SL-20250514-82213",
    "prefix": "PSL",
    "patient": 2,
    "doctor": 2,
    "start_date": "2025-05-14",
    "start_date_hijri": null,
    "end_date": "2025-05-14",
    "end_date_hijri": null,
    "duration_days": 1,
    "duration_days2": 1,
    "admission_date": "2025-05-14",
    "admission_date_hijri": null,
    "discharge_date": "2025-05-14",
    "discharge_date_hijri": null,
    "issue_date": "2025-05-14",
    "issue_date_hijri": null,
    "created_date": "2025-05-22T00:00:00Z",
    "status": "active",
    "created_at": "2025-05-14T18:25:13.415Z",
    "updated_at": "2025-05-14T18:57:39.644Z"
  }
},
{
  "model": "core.sickleave",
  "pk": 55,
  "fields": {
    "leave_id": "SL-20250518-38402",
    "prefix": "PSL",
    "patient": 1,
    "doctor": 2,
    "start_date": "2025-05-18",
    "start_date_hijri": null,
    "end_date": "2025-05-18",
    "end_date_hijri": null,
    "duration_days": 1,
    "duration_days2": 1,
    "admission_date": "2025-05-18",
    "admission_date_hijri": null,
    "discharge_date": "2025-05-18",
    "discharge_date_hijri": null,
    "issue_date": "2025-05-18",
    "issue_date_hijri": null,
    "created_date": "2025-05-22T00:00:00Z",
    "status": "active",
    "created_at": "2025-05-17T22:48:14.465Z",
    "updated_at": "2025-05-17T22:48:14.538Z"
  }
},
{
  "model": "core.sickleave",
  "pk": 56,
  "fields": {
    "leave_id": "PSL20250518029405",
    "prefix": "PSL",
    "patient": 2,
    "doctor": 2,
    "start_date": "2025-05-18",
    "start_date_hijri": "1446-11-20",
    "end_date": "2025-05-18",
    "end_date_hijri": "1446-11-20",
    "duration_days": 1,
    "duration_days2": 1,
    "admission_date": "2025-05-18",
    "admission_date_hijri": "1446-11-20",
    "discharge_date": "2025-05-18",
    "discharge_date_hijri": "1446-11-20",
    "issue_date": "2025-05-18",
    "issue_date_hijri": "1446-11-20",
    "created_date": "2025-05-22T00:00:00Z",
    "status": "expired",
    "created_at": "2025-05-17T23:05:55.579Z",
    "updated_at": "2025-05-20T04:06:42.798Z"
  }
},
{
  "model": "core.sickleave",
  "pk": 57,
  "fields": {
    "leave_id": "PSL2025022183",
    "prefix": "PSL",
    "patient": 36,
    "doctor": 4,
    "start_date": "2025-06-02",
    "start_date_hijri": null,
    "end_date": "2025-05-21",
    "end_date_hijri": null,
    "duration_days": -11,
    "duration_days2": 1,
    "admission_date": "2025-05-18",
    "admission_date_hijri": null,
    "discharge_date": "2025-05-28",
    "discharge_date_hijri": null,
    "issue_date": "2025-05-18",
    "issue_date_hijri": null,
    "created_date": "2025-05-22T00:00:00Z",
    "status": "active",
    "created_at": "2025-05-17T23:29:08.235Z",
    "updated_at": "2025-05-17T23:29:08.261Z"
  }
},
{
  "model": "core.sickleave",
  "pk": 58,
  "fields": {
    "leave_id": "PSL2025052082",
    "prefix": "PSL",
    "patient": 2,
    "doctor": 17,
    "start_date": "2025-05-20",
    "start_date_hijri": "1446-11-22",
    "end_date": "2025-05-20",
    "end_date_hijri": "1446-11-22",
    "duration_days": 1,
    "duration_days2": 1,
    "admission_date": "2025-05-20",
    "admission_date_hijri": "1446-11-22",
    "discharge_date": "2025-05-20",
    "discharge_date_hijri": "1446-11-22",
    "issue_date": "2025-05-20",
    "issue_date_hijri": "1446-11-22",
    "created_date": "2025-05-22T00:00:00Z",
    "status": "active",
    "created_at": "2025-05-20T00:35:19.516Z",
    "updated_at": "2025-05-20T00:35:20.161Z"
  }
},
{
  "model": "core.sickleave",
  "pk": 59,
  "fields": {
    "leave_id": "PSL2025052152",
    "prefix": "PSL",
    "patient": 43,
    "doctor": 2,
    "start_date": "2025-05-21",
    "start_date_hijri": "1446-11-23",
    "end_date": "2025-05-21",
    "end_date_hijri": "1446-11-23",
    "duration_days": 1,
    "duration_days2": 1,
    "admission_date": "2025-05-21",
    "admission_date_hijri": "1446-11-23",
    "discharge_date": "2025-05-21",
    "discharge_date_hijri": "1446-11-23",
    "issue_date": "2025-05-21",
    "issue_date_hijri": "1446-11-23",
    "created_date": "2025-05-22T00:00:00Z",
    "status": "active",
    "created_at": "2025-05-21T13:31:21.511Z",
    "updated_at": "2025-05-21T13:31:22.207Z"
  }
},
{
  "model": "core.sickleave",
  "pk": 60,
  "fields": {
    "leave_id": "PSL2025052257",
    "prefix": "PSL",
    "patient": 46,
    "doctor": 18,
    "start_date": "2025-05-22",
    "start_date_hijri": "1446-11-24",
    "end_date": "2025-05-22",
    "end_date_hijri": "1446-11-24",
    "duration_days": 1,
    "duration_days2": 1,
    "admission_date": "2025-05-22",
    "admission_date_hijri": "1446-11-24",
    "discharge_date": "2025-05-22",
    "discharge_date_hijri": "1446-11-24",
    "issue_date": "2025-05-22",
    "issue_date_hijri": "1446-11-24",
    "created_date": "2025-05-22T00:00:00Z",
    "status": "active",
    "created_at": "2025-05-22T00:18:38.781Z",
    "updated_at": "2025-05-22T00:18:40.982Z"
  }
},
{
  "model": "core.sickleave",
  "pk": 61,
  "fields": {
    "leave_id": "PSL2025052269",
    "prefix": "PSL",
    "patient": 46,
    "doctor": 18,
    "start_date": "2025-05-22",
    "start_date_hijri": "1446-11-24",
    "end_date": "2025-05-22",
    "end_date_hijri": "1446-11-24",
    "duration_days": 1,
    "duration_days2": 1,
    "admission_date": "2025-05-22",
    "admission_date_hijri": "1446-11-24",
    "discharge_date": "2025-05-22",
    "discharge_date_hijri": "1446-11-24",
    "issue_date": "2025-05-22",
    "issue_date_hijri": "1446-11-24",
    "created_date": "2025-05-22T00:00:00Z",
    "status": "active",
    "created_at": "2025-05-22T03:05:10Z",
    "updated_at": "2025-05-22T03:21:47.185Z"
  }
},
{
  "model": "core.sickleave",
  "pk": 62,
  "fields": {
    "leave_id": "PSL2025052287",
    "prefix": "PSL",
    "patient": 2,
    "doctor": 1,
    "start_date": "2025-05-22",
    "start_date_hijri": "1446-11-24",
    "end_date": "2025-05-22",
    "end_date_hijri": "1446-11-24",
    "duration_days": 1,
    "duration_days2": 1,
    "admission_date": "2025-05-22",
    "admission_date_hijri": "1446-11-24",
    "discharge_date": "2025-05-22",
    "discharge_date_hijri": "1446-11-24",
    "issue_date": "2025-05-22",
    "issue_date_hijri": "1446-11-24",
    "created_date": "2025-05-22T00:00:00Z",
    "status": "active",
    "created_at": "2025-05-22T03:29:48Z",
    "updated_at": "2025-05-22T03:30:42.845Z"
  }
},
{
  "model": "core.sickleave",
  "pk": 63,
  "fields": {
    "leave_id": "PSL2025052273",
    "prefix": "PSL",
    "patient": 3,
    "doctor": 1,
    "start_date": "2025-05-22",
    "start_date_hijri": "1446-11-24",
    "end_date": "2025-05-22",
    "end_date_hijri": "1446-11-24",
    "duration_days": 1,
    "duration_days2": 1,
    "admission_date": "2025-05-22",
    "admission_date_hijri": "1446-11-24",
    "discharge_date": "2025-05-22",
    "discharge_date_hijri": "1446-11-24",
    "issue_date": "2025-05-22",
    "issue_date_hijri": "1446-11-24",
    "created_date": "2025-05-22T00:00:00Z",
    "status": "active",
    "created_at": "2025-05-22T03:29:48Z",
    "updated_at": "2025-05-22T03:38:25.530Z"
  }
},
{
  "model": "core.sickleave",
  "pk": 64,
  "fields": {
    "leave_id": "GSL2025052222",
    "prefix": "GSL",
    "patient": 3,
    "doctor": 4,
    "start_date": "2025-05-22",
    "start_date_hijri": "1446-11-24",
    "end_date": "2025-05-22",
    "end_date_hijri": "1446-11-24",
    "duration_days": 1,
    "duration_days2": 1,
    "admission_date": "2025-05-22",
    "admission_date_hijri": "1446-11-24",
    "discharge_date": "2025-05-22",
    "discharge_date_hijri": "1446-11-24",
    "issue_date": "2025-05-22",
    "issue_date_hijri": "1446-11-24",
    "created_date": "2025-05-22T00:00:00Z",
    "status": "expired",
    "created_at": "2025-05-22T20:34:31.952Z",
    "updated_at": "2025-05-23T18:46:18.136Z"
  }
},
{
  "model": "core.sickleave",
  "pk": 65,
  "fields": {
    "leave_id": "PSL2025052391",
    "prefix": "PSL",
    "patient": 47,
    "doctor": 19,
    "start_date": "2025-05-23",
    "start_date_hijri": "1446-11-25",
    "end_date": "2025-05-23",
    "end_date_hijri": "1446-11-25",
    "duration_days": 1,
    "duration_days2": 1,
    "admission_date": "2025-05-23",
    "admission_date_hijri": "1446-11-25",
    "discharge_date": "2025-05-23",
    "discharge_date_hijri": "1446-11-25",
    "issue_date": "2025-05-23",
    "issue_date_hijri": "1446-11-25",
    "created_date": "2025-05-23T00:00:00Z",
    "status": "active",
    "created_at": "2025-05-23T17:28:07.014Z",
    "updated_at": "2025-05-23T17:28:13.117Z"
  }
},
{
  "model": "core.sickleave",
  "pk": 66,
  "fields": {
    "leave_id": "PSL2025052355",
    "prefix": "PSL",
    "patient": 54,
    "doctor": 21,
    "start_date": "2025-05-23",
    "start_date_hijri": "1446-11-25",
    "end_date": "2025-05-23",
    "end_date_hijri": "1446-11-25",
    "duration_days": 1,
    "duration_days2": 1,
    "admission_date": "2025-05-23",
    "admission_date_hijri": "1446-11-25",
    "discharge_date": "2025-05-23",
    "discharge_date_hijri": "1446-11-25",
    "issue_date": "2025-05-23",
    "issue_date_hijri": "1446-11-25",
    "created_date": "2025-05-23T00:00:00Z",
    "status": "active",
    "created_at": "2025-05-23T19:22:00.924Z",
    "updated_at": "2025-05-23T20:05:57.323Z"
  }
},
{
  "model": "core.sickleave",
  "pk": 67,
  "fields": {
    "leave_id": "PSL2025052359",
    "prefix": "PSL",
    "patient": 2,
    "doctor": 2,
    "start_date": "2025-05-23",
    "start_date_hijri": "25-11-1446",
    "end_date": "2025-05-23",
    "end_date_hijri": "25-11-1446",
    "duration_days": 1,
    "duration_days2": 1,
    "admission_date": "2025-05-23",
    "admission_date_hijri": "25-11-1446",
    "discharge_date": "2025-05-23",
    "discharge_date_hijri": "25-11-1446",
    "issue_date": "2025-05-23",
    "issue_date_hijri": "25-11-1446",
    "created_date": "2025-05-23T00:00:00Z",
    "status": "active",
    "created_at": "2025-05-23T20:36:13.959Z",
    "updated_at": "2025-05-23T20:36:15.188Z"
  }
},
{
  "model": "core.companionleave",
  "pk": 1,
  "fields": {
    "leave_id": "CL-20250512-87804",
    "prefix": "PSL",
    "patient": 9,
    "companion": 4,
    "relation": null,
    "relation_en": null,
    "doctor": 5,
    "start_date": "2025-04-07",
    "start_date_hijri": null,
    "end_date": "2025-04-13",
    "end_date_hijri": null,
    "duration_days": 7,
    "duration_days2": 1,
    "admission_date": "2025-04-05",
    "admission_date_hijri": null,
    "discharge_date": "2025-04-05",
    "discharge_date_hijri": null,
    "issue_date": "2025-04-06",
    "issue_date_hijri": null,
    "created_date": "2025-05-22T00:00:00Z",
    "status": "expired",
    "created_at": "2025-05-12T20:50:57.485Z",
    "updated_at": "2025-05-12T20:50:57.485Z"
  }
},
{
  "model": "core.companionleave",
  "pk": 2,
  "fields": {
    "leave_id": "CL-20250512-78035",
    "prefix": "PSL",
    "patient": 1,
    "companion": 8,
    "relation": null,
    "relation_en": null,
    "doctor": 5,
    "start_date": "2025-03-30",
    "start_date_hijri": null,
    "end_date": "2025-03-31",
    "end_date_hijri": null,
    "duration_days": 2,
    "duration_days2": 1,
    "admission_date": "2025-03-27",
    "admission_date_hijri": null,
    "discharge_date": "2025-03-28",
    "discharge_date_hijri": null,
    "issue_date": "2025-03-29",
    "issue_date_hijri": null,
    "created_date": "2025-05-22T00:00:00Z",
    "status": "expired",
    "created_at": "2025-05-12T20:50:57.490Z",
    "updated_at": "2025-05-12T20:50:57.490Z"
  }
},
{
  "model": "core.companionleave",
  "pk": 3,
  "fields": {
    "leave_id": "CL-20250512-76612",
    "prefix": "PSL",
    "patient": 10,
    "companion": 2,
    "relation": null,
    "relation_en": null,
    "doctor": 1,
    "start_date": "2025-03-18",
    "start_date_hijri": null,
    "end_date": "2025-03-31",
    "end_date_hijri": null,
    "duration_days": 14,
    "duration_days2": 1,
    "admission_date": "2025-03-15",
    "admission_date_hijri": null,
    "discharge_date": "2025-03-16",
    "discharge_date_hijri": null,
    "issue_date": "2025-03-17",
    "issue_date_hijri": null,
    "created_date": "2025-05-22T00:00:00Z",
    "status": "expired",
    "created_at": "2025-05-12T20:50:57.492Z",
    "updated_at": "2025-05-12T20:50:57.493Z"
  }
},
{
  "model": "core.companionleave",
  "pk": 4,
  "fields": {
    "leave_id": "CL-20250512-63760",
    "prefix": "PSL",
    "patient": 5,
    "companion": 7,
    "relation": null,
    "relation_en": null,
    "doctor": 3,
    "start_date": "2025-04-18",
    "start_date_hijri": null,
    "end_date": "2025-04-24",
    "end_date_hijri": null,
    "duration_days": 7,
    "duration_days2": 1,
    "admission_date": "2025-04-15",
    "admission_date_hijri": null,
    "discharge_date": "2025-04-16",
    "discharge_date_hijri": null,
    "issue_date": "2025-04-17",
    "issue_date_hijri": null,
    "created_date": "2025-05-22T00:00:00Z",
    "status": "expired",
    "created_at": "2025-05-12T20:50:57.496Z",
    "updated_at": "2025-05-12T20:50:57.496Z"
  }
},
{
  "model": "core.companionleave",
  "pk": 5,
  "fields": {
    "leave_id": "CL-20250512-20878",
    "prefix": "PSL",
    "patient": 5,
    "companion": 1,
    "relation": null,
    "relation_en": null,
    "doctor": 2,
    "start_date": "2025-03-29",
    "start_date_hijri": null,
    "end_date": "2025-04-02",
    "end_date_hijri": null,
    "duration_days": 5,
    "duration_days2": 1,
    "admission_date": "2025-03-28",
    "admission_date_hijri": null,
    "discharge_date": "2025-03-28",
    "discharge_date_hijri": null,
    "issue_date": "2025-03-29",
    "issue_date_hijri": null,
    "created_date": "2025-05-22T00:00:00Z",
    "status": "expired",
    "created_at": "2025-05-12T20:50:57.499Z",
    "updated_at": "2025-05-12T20:50:57.500Z"
  }
},
{
  "model": "core.companionleave",
  "pk": 6,
  "fields": {
    "leave_id": "CL-20250512-90485",
    "prefix": "PSL",
    "patient": 9,
    "companion": 3,
    "relation": null,
    "relation_en": null,
    "doctor": 3,
    "start_date": "2025-03-16",
    "start_date_hijri": null,
    "end_date": "2025-03-18",
    "end_date_hijri": null,
    "duration_days": 3,
    "duration_days2": 1,
    "admission_date": "2025-03-15",
    "admission_date_hijri": null,
    "discharge_date": "2025-03-15",
    "discharge_date_hijri": null,
    "issue_date": "2025-03-16",
    "issue_date_hijri": null,
    "created_date": "2025-05-22T00:00:00Z",
    "status": "expired",
    "created_at": "2025-05-12T20:50:57.502Z",
    "updated_at": "2025-05-12T20:50:57.502Z"
  }
},
{
  "model": "core.companionleave",
  "pk": 7,
  "fields": {
    "leave_id": "CL-20250512-13340",
    "prefix": "PSL",
    "patient": 8,
    "companion": 4,
    "relation": null,
    "relation_en": null,
    "doctor": 1,
    "start_date": "2025-03-10",
    "start_date_hijri": null,
    "end_date": "2025-03-23",
    "end_date_hijri": null,
    "duration_days": 14,
    "duration_days2": 1,
    "admission_date": "2025-03-08",
    "admission_date_hijri": null,
    "discharge_date": "2025-03-08",
    "discharge_date_hijri": null,
    "issue_date": "2025-03-09",
    "issue_date_hijri": null,
    "created_date": "2025-05-22T00:00:00Z",
    "status": "expired",
    "created_at": "2025-05-12T20:50:57.504Z",
    "updated_at": "2025-05-12T20:50:57.505Z"
  }
},
{
  "model": "core.companionleave",
  "pk": 8,
  "fields": {
    "leave_id": "CL-20250512-23630",
    "prefix": "PSL",
    "patient": 6,
    "companion": 8,
    "relation": null,
    "relation_en": null,
    "doctor": 5,
    "start_date": "2025-04-15",
    "start_date_hijri": null,
    "end_date": "2025-05-14",
    "end_date_hijri": null,
    "duration_days": 30,
    "duration_days2": 1,
    "admission_date": "2025-04-12",
    "admission_date_hijri": null,
    "discharge_date": "2025-04-13",
    "discharge_date_hijri": null,
    "issue_date": "2025-04-14",
    "issue_date_hijri": null,
    "created_date": "2025-05-22T00:00:00Z",
    "status": "active",
    "created_at": "2025-05-12T20:50:57.507Z",
    "updated_at": "2025-05-12T20:50:57.507Z"
  }
},
{
  "model": "core.companionleave",
  "pk": 9,
  "fields": {
    "leave_id": "CL-20250513-84763",
    "prefix": "PSL",
    "patient": 29,
    "companion": 26,
    "relation": null,
    "relation_en": null,
    "doctor": 3,
    "start_date": "2025-02-12",
    "start_date_hijri": null,
    "end_date": "2025-02-18",
    "end_date_hijri": null,
    "duration_days": 7,
    "duration_days2": 1,
    "admission_date": "2025-02-09",
    "admission_date_hijri": null,
    "discharge_date": "2025-02-10",
    "discharge_date_hijri": null,
    "issue_date": "2025-02-11",
    "issue_date_hijri": null,
    "created_date": "2025-05-22T00:00:00Z",
    "status": "expired",
    "created_at": "2025-05-12T22:56:52.334Z",
    "updated_at": "2025-05-12T22:56:52.335Z"
  }
},
{
  "model": "core.companionleave",
  "pk": 10,
  "fields": {
    "leave_id": "CL-20250513-71848",
    "prefix": "PSL",
    "patient": 20,
    "companion": 21,
    "relation": null,
    "relation_en": null,
    "doctor": 2,
    "start_date": "2025-02-11",
    "start_date_hijri": null,
    "end_date": "2025-02-20",
    "end_date_hijri": null,
    "duration_days": 10,
    "duration_days2": 1,
    "admission_date": "2025-02-10",
    "admission_date_hijri": null,
    "discharge_date": "2025-02-10",
    "discharge_date_hijri": null,
    "issue_date": "2025-02-11",
    "issue_date_hijri": null,
    "created_date": "2025-05-22T00:00:00Z",
    "status": "expired",
    "created_at": "2025-05-12T22:56:52.342Z",
    "updated_at": "2025-05-12T22:56:52.343Z"
  }
},
{
  "model": "core.companionleave",
  "pk": 11,
  "fields": {
    "leave_id": "CL-20250513-11841",
    "prefix": "PSL",
    "patient": 27,
    "companion": 28,
    "relation": null,
    "relation_en": null,
    "doctor": 1,
    "start_date": "2025-02-27",
    "start_date_hijri": null,
    "end_date": "2025-03-28",
    "end_date_hijri": null,
    "duration_days": 30,
    "duration_days2": 1,
    "admission_date": "2025-02-26",
    "admission_date_hijri": null,
    "discharge_date": "2025-02-26",
    "discharge_date_hijri": null,
    "issue_date": "2025-02-27",
    "issue_date_hijri": null,
    "created_date": "2025-05-22T00:00:00Z",
    "status": "cancelled",
    "created_at": "2025-05-12T22:56:52.344Z",
    "updated_at": "2025-05-12T22:56:52.345Z"
  }
},
{
  "model": "core.companionleave",
  "pk": 12,
  "fields": {
    "leave_id": "CL-20250513-27068",
    "prefix": "PSL",
    "patient": 11,
    "companion": 15,
    "relation": null,
    "relation_en": null,
    "doctor": 3,
    "start_date": "2025-04-12",
    "start_date_hijri": null,
    "end_date": "2025-04-13",
    "end_date_hijri": null,
    "duration_days": 2,
    "duration_days2": 1,
    "admission_date": "2025-04-10",
    "admission_date_hijri": null,
    "discharge_date": "2025-04-10",
    "discharge_date_hijri": null,
    "issue_date": "2025-04-11",
    "issue_date_hijri": null,
    "created_date": "2025-05-22T00:00:00Z",
    "status": "expired",
    "created_at": "2025-05-12T22:56:52.347Z",
    "updated_at": "2025-05-12T22:56:52.348Z"
  }
},
{
  "model": "core.companionleave",
  "pk": 13,
  "fields": {
    "leave_id": "CL-20250513-75524",
    "prefix": "PSL",
    "patient": 21,
    "companion": 23,
    "relation": null,
    "relation_en": null,
    "doctor": 2,
    "start_date": "2025-05-09",
    "start_date_hijri": null,
    "end_date": "2025-05-09",
    "end_date_hijri": null,
    "duration_days": 1,
    "duration_days2": 1,
    "admission_date": "2025-05-06",
    "admission_date_hijri": null,
    "discharge_date": "2025-05-07",
    "discharge_date_hijri": null,
    "issue_date": "2025-05-08",
    "issue_date_hijri": null,
    "created_date": "2025-05-22T00:00:00Z",
    "status": "cancelled",
    "created_at": "2025-05-12T22:56:52.357Z",
    "updated_at": "2025-05-12T22:56:52.358Z"
  }
},
{
  "model": "core.companionleave",
  "pk": 14,
  "fields": {
    "leave_id": "CL-20250513-15209",
    "prefix": "PSL",
    "patient": 19,
    "companion": 12,
    "relation": null,
    "relation_en": null,
    "doctor": 1,
    "start_date": "2025-02-14",
    "start_date_hijri": null,
    "end_date": "2025-02-23",
    "end_date_hijri": null,
    "duration_days": 10,
    "duration_days2": 1,
    "admission_date": "2025-02-12",
    "admission_date_hijri": null,
    "discharge_date": "2025-02-13",
    "discharge_date_hijri": null,
    "issue_date": "2025-02-14",
    "issue_date_hijri": null,
    "created_date": "2025-05-22T00:00:00Z",
    "status": "expired",
    "created_at": "2025-05-12T22:56:52.361Z",
    "updated_at": "2025-05-12T22:56:52.361Z"
  }
},
{
  "model": "core.companionleave",
  "pk": 15,
  "fields": {
    "leave_id": "CL-20250513-77510",
    "prefix": "PSL",
    "patient": 15,
    "companion": 25,
    "relation": null,
    "relation_en": null,
    "doctor": 3,
    "start_date": "2025-02-18",
    "start_date_hijri": null,
    "end_date": "2025-03-03",
    "end_date_hijri": null,
    "duration_days": 14,
    "duration_days2": 1,
    "admission_date": "2025-02-16",
    "admission_date_hijri": null,
    "discharge_date": "2025-02-16",
    "discharge_date_hijri": null,
    "issue_date": "2025-02-17",
    "issue_date_hijri": null,
    "created_date": "2025-05-22T00:00:00Z",
    "status": "expired",
    "created_at": "2025-05-12T22:56:52.364Z",
    "updated_at": "2025-05-12T22:56:52.366Z"
  }
},
{
  "model": "core.companionleave",
  "pk": 16,
  "fields": {
    "leave_id": "CL-20250513-48522",
    "prefix": "PSL",
    "patient": 23,
    "companion": 17,
    "relation": null,
    "relation_en": null,
    "doctor": 4,
    "start_date": "2025-02-12",
    "start_date_hijri": null,
    "end_date": "2025-02-12",
    "end_date_hijri": null,
    "duration_days": 1,
    "duration_days2": 1,
    "admission_date": "2025-02-11",
    "admission_date_hijri": null,
    "discharge_date": "2025-02-11",
    "discharge_date_hijri": null,
    "issue_date": "2025-02-12",
    "issue_date_hijri": null,
    "created_date": "2025-05-22T00:00:00Z",
    "status": "expired",
    "created_at": "2025-05-12T22:56:52.368Z",
    "updated_at": "2025-05-12T22:56:52.369Z"
  }
},
{
  "model": "core.companionleave",
  "pk": 17,
  "fields": {
    "leave_id": "CL-20250513-65576",
    "prefix": "PSL",
    "patient": 29,
    "companion": 15,
    "relation": null,
    "relation_en": null,
    "doctor": 3,
    "start_date": "2025-04-06",
    "start_date_hijri": null,
    "end_date": "2025-04-10",
    "end_date_hijri": null,
    "duration_days": 5,
    "duration_days2": 1,
    "admission_date": "2025-04-04",
    "admission_date_hijri": null,
    "discharge_date": "2025-04-04",
    "discharge_date_hijri": null,
    "issue_date": "2025-04-05",
    "issue_date_hijri": null,
    "created_date": "2025-05-22T00:00:00Z",
    "status": "expired",
    "created_at": "2025-05-12T22:56:52.375Z",
    "updated_at": "2025-05-12T22:56:52.376Z"
  }
},
{
  "model": "core.companionleave",
  "pk": 18,
  "fields": {
    "leave_id": "CL-20250513-25360",
    "prefix": "PSL",
    "patient": 11,
    "companion": 26,
    "relation": null,
    "relation_en": null,
    "doctor": 3,
    "start_date": "2025-04-29",
    "start_date_hijri": null,
    "end_date": "2025-05-01",
    "end_date_hijri": null,
    "duration_days": 3,
    "duration_days2": 1,
    "admission_date": "2025-04-27",
    "admission_date_hijri": null,
    "discharge_date": "2025-04-28",
    "discharge_date_hijri": null,
    "issue_date": "2025-04-29",
    "issue_date_hijri": null,
    "created_date": "2025-05-22T00:00:00Z",
    "status": "expired",
    "created_at": "2025-05-12T22:56:52.377Z",
    "updated_at": "2025-05-12T22:56:52.378Z"
  }
},
{
  "model": "core.companionleave",
  "pk": 19,
  "fields": {
    "leave_id": "CL-20250513-27965",
    "prefix": "PSL",
    "patient": 23,
    "companion": 12,
    "relation": null,
    "relation_en": null,
    "doctor": 4,
    "start_date": "2025-05-10",
    "start_date_hijri": null,
    "end_date": "2025-05-16",
    "end_date_hijri": null,
    "duration_days": 7,
    "duration_days2": 1,
    "admission_date": "2025-05-08",
    "admission_date_hijri": null,
    "discharge_date": "2025-05-09",
    "discharge_date_hijri": null,
    "issue_date": "2025-05-10",
    "issue_date_hijri": null,
    "created_date": "2025-05-22T00:00:00Z",
    "status": "active",
    "created_at": "2025-05-12T22:56:52.380Z",
    "updated_at": "2025-05-12T22:56:52.381Z"
  }
},
{
  "model": "core.companionleave",
  "pk": 20,
  "fields": {
    "leave_id": "CL-20250513-33647",
    "prefix": "PSL",
    "patient": 19,
    "companion": 30,
    "relation": null,
    "relation_en": null,
    "doctor": 1,
    "start_date": "2025-05-01",
    "start_date_hijri": null,
    "end_date": "2025-05-07",
    "end_date_hijri": null,
    "duration_days": 7,
    "duration_days2": 1,
    "admission_date": "2025-04-28",
    "admission_date_hijri": null,
    "discharge_date": "2025-04-29",
    "discharge_date_hijri": null,
    "issue_date": "2025-04-30",
    "issue_date_hijri": null,
    "created_date": "2025-05-22T00:00:00Z",
    "status": "expired",
    "created_at": "2025-05-12T22:56:52.385Z",
    "updated_at": "2025-05-12T22:56:52.386Z"
  }
},
{
  "model": "core.companionleave",
  "pk": 21,
  "fields": {
    "leave_id": "CL-20250513-10720",
    "prefix": "PSL",
    "patient": 21,
    "companion": 15,
    "relation": null,
    "relation_en": null,
    "doctor": 2,
    "start_date": "2025-05-08",
    "start_date_hijri": null,
    "end_date": "2025-05-21",
    "end_date_hijri": null,
    "duration_days": 14,
    "duration_days2": 1,
    "admission_date": "2025-05-06",
    "admission_date_hijri": null,
    "discharge_date": "2025-05-07",
    "discharge_date_hijri": null,
    "issue_date": "2025-05-08",
    "issue_date_hijri": null,
    "created_date": "2025-05-22T00:00:00Z",
    "status": "active",
    "created_at": "2025-05-12T22:56:52.392Z",
    "updated_at": "2025-05-12T22:56:52.393Z"
  }
},
{
  "model": "core.companionleave",
  "pk": 22,
  "fields": {
    "leave_id": "CL-20250513-40289",
    "prefix": "PSL",
    "patient": 18,
    "companion": 25,
    "relation": null,
    "relation_en": null,
    "doctor": 4,
    "start_date": "2025-05-01",
    "start_date_hijri": null,
    "end_date": "2025-05-30",
    "end_date_hijri": null,
    "duration_days": 30,
    "duration_days2": 1,
    "admission_date": "2025-04-30",
    "admission_date_hijri": null,
    "discharge_date": "2025-04-30",
    "discharge_date_hijri": null,
    "issue_date": "2025-05-01",
    "issue_date_hijri": null,
    "created_date": "2025-05-22T00:00:00Z",
    "status": "active",
    "created_at": "2025-05-12T22:56:52.394Z",
    "updated_at": "2025-05-12T22:56:52.395Z"
  }
},
{
  "model": "core.companionleave",
  "pk": 23,
  "fields": {
    "leave_id": "CL-20250513-74426",
    "prefix": "PSL",
    "patient": 21,
    "companion": 27,
    "relation": null,
    "relation_en": null,
    "doctor": 4,
    "start_date": "2025-03-09",
    "start_date_hijri": null,
    "end_date": "2025-03-11",
    "end_date_hijri": null,
    "duration_days": 3,
    "duration_days2": 1,
    "admission_date": "2025-03-07",
    "admission_date_hijri": null,
    "discharge_date": "2025-03-07",
    "discharge_date_hijri": null,
    "issue_date": "2025-03-08",
    "issue_date_hijri": null,
    "created_date": "2025-05-22T00:00:00Z",
    "status": "expired",
    "created_at": "2025-05-12T22:56:52.401Z",
    "updated_at": "2025-05-12T22:56:52.402Z"
  }
},
{
  "model": "core.companionleave",
  "pk": 24,
  "fields": {
    "leave_id": "GCL-20250513-50347",
    "prefix": "PSL",
    "patient": 2,
    "companion": 1,
    "relation": null,
    "relation_en": null,
    "doctor": 6,
    "start_date": "2025-05-13",
    "start_date_hijri": null,
    "end_date": "2025-05-13",
    "end_date_hijri": null,
    "duration_days": 1,
    "duration_days2": 1,
    "admission_date": "2025-05-13",
    "admission_date_hijri": null,
    "discharge_date": "2025-05-13",
    "discharge_date_hijri": null,
    "issue_date": "2025-05-13",
    "issue_date_hijri": null,
    "created_date": "2025-05-22T00:00:00Z",
    "status": "expired",
    "created_at": "2025-05-13T00:09:19.406Z",
    "updated_at": "2025-05-14T14:29:59.920Z"
  }
},
{
  "model": "core.companionleave",
  "pk": 25,
  "fields": {
    "leave_id": "GSL2025027220",
    "prefix": "PSL",
    "patient": 1,
    "companion": 2,
    "relation": null,
    "relation_en": null,
    "doctor": 2,
    "start_date": "2025-05-18",
    "start_date_hijri": null,
    "end_date": "2025-05-18",
    "end_date_hijri": null,
    "duration_days": 1,
    "duration_days2": 1,
    "admission_date": "2025-05-18",
    "admission_date_hijri": null,
    "discharge_date": "2025-05-18",
    "discharge_date_hijri": null,
    "issue_date": "2025-05-18",
    "issue_date_hijri": null,
    "created_date": "2025-05-22T00:00:00Z",
    "status": "active",
    "created_at": "2025-05-17T23:13:03.664Z",
    "updated_at": "2025-05-17T23:13:03.765Z"
  }
},
{
  "model": "core.companionleave",
  "pk": 26,
  "fields": {
    "leave_id": "PSL2025173950",
    "prefix": "PSL",
    "patient": 2,
    "companion": 2,
    "relation": "أبوه",
    "relation_en": "Phather",
    "doctor": 2,
    "start_date": "2025-05-19",
    "start_date_hijri": "1446-11-21",
    "end_date": "2025-05-19",
    "end_date_hijri": "1446-11-21",
    "duration_days": 1,
    "duration_days2": 1,
    "admission_date": "2025-05-19",
    "admission_date_hijri": "1446-11-21",
    "discharge_date": "2025-05-19",
    "discharge_date_hijri": "1446-11-21",
    "issue_date": "2025-05-19",
    "issue_date_hijri": "1446-11-21",
    "created_date": "2025-05-22T00:00:00Z",
    "status": "active",
    "created_at": "2025-05-19T14:27:12.106Z",
    "updated_at": "2025-05-19T15:36:45.868Z"
  }
},
{
  "model": "core.companionleave",
  "pk": 27,
  "fields": {
    "leave_id": "PSL2025052257",
    "prefix": "PSL",
    "patient": 2,
    "companion": 2,
    "relation": "إبنه",
    "relation_en": "His Sone",
    "doctor": 2,
    "start_date": "2025-05-22",
    "start_date_hijri": "24-11-1446",
    "end_date": "2025-05-22",
    "end_date_hijri": "24-11-1446",
    "duration_days": 1,
    "duration_days2": 10,
    "admission_date": "2025-05-22",
    "admission_date_hijri": "24-11-1446",
    "discharge_date": "2025-05-22",
    "discharge_date_hijri": "24-11-1446",
    "issue_date": "2025-05-22",
    "issue_date_hijri": "24-11-1446",
    "created_date": "2025-05-22T00:00:00Z",
    "status": "expired",
    "created_at": "2025-05-22T20:02:30.238Z",
    "updated_at": "2025-05-23T22:29:09.548Z"
  }
},
{
  "model": "core.leaveinvoice",
  "pk": 1,
  "fields": {
    "invoice_number": "INV-20250512-64427",
    "client": 2,
    "leave_type": "sick_leave",
    "leave_id": "SL-20250512-47958",
    "amount": "250.00",
    "status": "unpaid",
    "issue_date": "2025-04-14",
    "due_date": "2025-05-14",
    "notes": null,
    "created_at": "2025-05-12T20:50:57.518Z",
    "updated_at": "2025-05-12T21:40:22.768Z"
  }
},
{
  "model": "core.leaveinvoice",
  "pk": 2,
  "fields": {
    "invoice_number": "INV-20250512-29937",
    "client": 1,
    "leave_type": "sick_leave",
    "leave_id": "SL-20250512-36442",
    "amount": "2000.00",
    "status": "paid",
    "issue_date": "2025-03-16",
    "due_date": "2025-04-15",
    "notes": "فاتورة sick_leave رقم SL-20250512-36442",
    "created_at": "2025-05-12T20:50:57.523Z",
    "updated_at": "2025-05-12T20:50:57.826Z"
  }
},
{
  "model": "core.leaveinvoice",
  "pk": 3,
  "fields": {
    "invoice_number": "INV-20250512-43373",
    "client": 1,
    "leave_type": "sick_leave",
    "leave_id": "SL-20250512-46959",
    "amount": "2000.00",
    "status": "paid",
    "issue_date": "2025-03-16",
    "due_date": "2025-04-15",
    "notes": "فاتورة sick_leave رقم SL-20250512-46959",
    "created_at": "2025-05-12T20:50:57.528Z",
    "updated_at": "2025-05-12T20:50:57.671Z"
  }
},
{
  "model": "core.leaveinvoice",
  "pk": 4,
  "fields": {
    "invoice_number": "INV-20250512-44097",
    "client": 3,
    "leave_type": "sick_leave",
    "leave_id": "SL-20250512-38840",
    "amount": "2000.00",
    "status": "paid",
    "issue_date": "2025-04-27",
    "due_date": "2025-05-27",
    "notes": null,
    "created_at": "2025-05-12T20:50:57.533Z",
    "updated_at": "2025-05-12T20:50:57.689Z"
  }
},
{
  "model": "core.leaveinvoice",
  "pk": 5,
  "fields": {
    "invoice_number": "INV-20250512-49291",
    "client": 3,
    "leave_type": "companion_leave",
    "leave_id": "CL-20250512-87804",
    "amount": "900.00",
    "status": "paid",
    "issue_date": "2025-03-15",
    "due_date": "2025-04-14",
    "notes": "فاتورة companion_leave رقم CL-20250512-87804",
    "created_at": "2025-05-12T20:50:57.539Z",
    "updated_at": "2025-05-12T20:50:57.732Z"
  }
},
{
  "model": "core.leaveinvoice",
  "pk": 6,
  "fields": {
    "invoice_number": "INV-20250512-74523",
    "client": 3,
    "leave_type": "companion_leave",
    "leave_id": "CL-20250512-20878",
    "amount": "650.00",
    "status": "paid",
    "issue_date": "2025-04-03",
    "due_date": "2025-05-03",
    "notes": null,
    "created_at": "2025-05-12T20:50:57.544Z",
    "updated_at": "2025-05-12T20:50:57.807Z"
  }
},
{
  "model": "core.leaveinvoice",
  "pk": 7,
  "fields": {
    "invoice_number": "INV-20250512-36828",
    "client": 5,
    "leave_type": "sick_leave",
    "leave_id": "SL-20250512-42560",
    "amount": "5.00",
    "status": "paid",
    "issue_date": "2025-03-20",
    "due_date": "2025-04-19",
    "notes": "فاتورة sick_leave رقم SL-20250512-42560\nتم تغيير المبلغ من 550.00 إلى 5.00 بتاريخ 2025-05-20",
    "created_at": "2025-05-12T20:50:57.550Z",
    "updated_at": "2025-05-20T05:01:16.075Z"
  }
},
{
  "model": "core.leaveinvoice",
  "pk": 8,
  "fields": {
    "invoice_number": "INV-20250512-53724",
    "client": 1,
    "leave_type": "companion_leave",
    "leave_id": "CL-20250512-13340",
    "amount": "1600.00",
    "status": "paid",
    "issue_date": "2025-04-04",
    "due_date": "2025-05-04",
    "notes": null,
    "created_at": "2025-05-12T20:50:57.557Z",
    "updated_at": "2025-05-12T20:50:57.706Z"
  }
},
{
  "model": "core.leaveinvoice",
  "pk": 9,
  "fields": {
    "invoice_number": "INV-20250512-63143",
    "client": 3,
    "leave_type": "sick_leave",
    "leave_id": "SL-20250512-46076",
    "amount": "100.00",
    "status": "paid",
    "issue_date": "2025-04-12",
    "due_date": "2025-05-12",
    "notes": "فاتورة sick_leave رقم SL-20250512-46076",
    "created_at": "2025-05-12T20:50:57.562Z",
    "updated_at": "2025-05-12T20:50:57.725Z"
  }
},
{
  "model": "core.leaveinvoice",
  "pk": 10,
  "fields": {
    "invoice_number": "INV-20250512-83772",
    "client": 1,
    "leave_type": "sick_leave",
    "leave_id": "SL-20250512-73082",
    "amount": "2000.00",
    "status": "paid",
    "issue_date": "2025-03-25",
    "due_date": "2025-04-24",
    "notes": null,
    "created_at": "2025-05-12T20:50:57.567Z",
    "updated_at": "2025-05-12T20:50:57.841Z"
  }
},
{
  "model": "core.leaveinvoice",
  "pk": 11,
  "fields": {
    "invoice_number": "INV-20250512-91861",
    "client": 2,
    "leave_type": "sick_leave",
    "leave_id": "SL-20250512-81976",
    "amount": "250.00",
    "status": "partially_paid",
    "issue_date": "2025-05-03",
    "due_date": "2025-06-02",
    "notes": null,
    "created_at": "2025-05-12T20:50:57.573Z",
    "updated_at": "2025-05-12T20:50:57.574Z"
  }
},
{
  "model": "core.leaveinvoice",
  "pk": 12,
  "fields": {
    "invoice_number": "INV-20250512-30214",
    "client": 3,
    "leave_type": "sick_leave",
    "leave_id": "SL-20250512-25660",
    "amount": "100.00",
    "status": "paid",
    "issue_date": "2025-04-22",
    "due_date": "2025-05-22",
    "notes": null,
    "created_at": "2025-05-12T20:50:57.578Z",
    "updated_at": "2025-05-12T20:50:57.793Z"
  }
},
{
  "model": "core.leaveinvoice",
  "pk": 13,
  "fields": {
    "invoice_number": "INV-20250512-61494",
    "client": 2,
    "leave_type": "sick_leave",
    "leave_id": "SL-20250512-39112",
    "amount": "400.00",
    "status": "paid",
    "issue_date": "2025-04-12",
    "due_date": "2025-05-12",
    "notes": null,
    "created_at": "2025-05-12T20:50:57.584Z",
    "updated_at": "2025-05-12T20:50:57.801Z"
  }
},
{
  "model": "core.leaveinvoice",
  "pk": 14,
  "fields": {
    "invoice_number": "INV-20250512-38335",
    "client": 1,
    "leave_type": "companion_leave",
    "leave_id": "CL-20250512-76612",
    "amount": "1600.00",
    "status": "paid",
    "issue_date": "2025-03-24",
    "due_date": "2025-04-23",
    "notes": null,
    "created_at": "2025-05-12T20:50:57.590Z",
    "updated_at": "2025-05-12T20:50:57.751Z"
  }
},
{
  "model": "core.leaveinvoice",
  "pk": 15,
  "fields": {
    "invoice_number": "INV-20250512-62649",
    "client": 3,
    "leave_type": "companion_leave",
    "leave_id": "CL-20250512-78035",
    "amount": "280.00",
    "status": "paid",
    "issue_date": "2025-04-02",
    "due_date": "2025-05-02",
    "notes": null,
    "created_at": "2025-05-12T20:50:57.594Z",
    "updated_at": "2025-05-12T20:50:57.813Z"
  }
},
{
  "model": "core.leaveinvoice",
  "pk": 16,
  "fields": {
    "invoice_number": "INV-20250512-36499",
    "client": 1,
    "leave_type": "companion_leave",
    "leave_id": "CL-20250512-23630",
    "amount": "3000.00",
    "status": "paid",
    "issue_date": "2025-04-05",
    "due_date": "2025-05-05",
    "notes": null,
    "created_at": "2025-05-12T20:50:57.599Z",
    "updated_at": "2025-05-12T20:50:57.712Z"
  }
},
{
  "model": "core.leaveinvoice",
  "pk": 17,
  "fields": {
    "invoice_number": "INV-20250512-51537",
    "client": 1,
    "leave_type": "sick_leave",
    "leave_id": "SL-20250512-67803",
    "amount": "100.00",
    "status": "paid",
    "issue_date": "2025-04-07",
    "due_date": "2025-05-07",
    "notes": null,
    "created_at": "2025-05-12T20:50:57.607Z",
    "updated_at": "2025-05-12T21:28:13.827Z"
  }
},
{
  "model": "core.leaveinvoice",
  "pk": 18,
  "fields": {
    "invoice_number": "INV-20250512-82583",
    "client": 2,
    "leave_type": "sick_leave",
    "leave_id": "SL-20250512-65457",
    "amount": "250.00",
    "status": "paid",
    "issue_date": "2025-04-13",
    "due_date": "2025-05-13",
    "notes": null,
    "created_at": "2025-05-12T20:50:57.612Z",
    "updated_at": "2025-05-12T20:50:57.612Z"
  }
},
{
  "model": "core.leaveinvoice",
  "pk": 19,
  "fields": {
    "invoice_number": "INV-20250512-14891",
    "client": 1,
    "leave_type": "companion_leave",
    "leave_id": "CL-20250512-90485",
    "amount": "400.00",
    "status": "paid",
    "issue_date": "2025-04-24",
    "due_date": "2025-05-24",
    "notes": "فاتورة companion_leave رقم CL-20250512-90485",
    "created_at": "2025-05-12T20:50:57.617Z",
    "updated_at": "2025-05-12T20:50:57.740Z"
  }
},
{
  "model": "core.leaveinvoice",
  "pk": 20,
  "fields": {
    "invoice_number": "INV-20250512-38477",
    "client": 3,
    "leave_type": "sick_leave",
    "leave_id": "SL-20250512-69875",
    "amount": "400.00",
    "status": "paid",
    "issue_date": "2025-05-05",
    "due_date": "2025-06-04",
    "notes": null,
    "created_at": "2025-05-12T20:50:57.626Z",
    "updated_at": "2025-05-12T20:50:57.768Z"
  }
},
{
  "model": "core.leaveinvoice",
  "pk": 21,
  "fields": {
    "invoice_number": "INV-20250513-55406",
    "client": 3,
    "leave_type": "sick_leave",
    "leave_id": "SL-20250513-77022",
    "amount": "100.00",
    "status": "unpaid",
    "issue_date": "2025-05-13",
    "due_date": "2025-06-12",
    "notes": "asdf",
    "created_at": "2025-05-12T21:20:24.786Z",
    "updated_at": "2025-05-12T21:20:24.808Z"
  }
},
{
  "model": "core.leaveinvoice",
  "pk": 22,
  "fields": {
    "invoice_number": "INV-20250513-57570",
    "client": 1,
    "leave_type": "sick_leave",
    "leave_id": "SL-20250513-44123",
    "amount": "100.00",
    "status": "paid",
    "issue_date": "2025-05-13",
    "due_date": "2025-06-12",
    "notes": "asdf",
    "created_at": "2025-05-12T21:24:56.795Z",
    "updated_at": "2025-05-12T21:27:08.711Z"
  }
},
{
  "model": "core.leaveinvoice",
  "pk": 23,
  "fields": {
    "invoice_number": "INV-20250513-20246",
    "client": 4,
    "leave_type": "sick_leave",
    "leave_id": "SL-20250513-35743",
    "amount": "150.00",
    "status": "paid",
    "issue_date": "2025-04-14",
    "due_date": "2025-05-14",
    "notes": null,
    "created_at": "2025-05-12T22:56:52.425Z",
    "updated_at": "2025-05-12T22:56:54.103Z"
  }
},
{
  "model": "core.leaveinvoice",
  "pk": 24,
  "fields": {
    "invoice_number": "INV-20250513-77781",
    "client": 4,
    "leave_type": "sick_leave",
    "leave_id": "SL-20250513-49478",
    "amount": "150.00",
    "status": "partially_paid",
    "issue_date": "2025-04-04",
    "due_date": "2025-05-04",
    "notes": "فاتورة sick_leave رقم SL-20250513-49478",
    "created_at": "2025-05-12T22:56:52.440Z",
    "updated_at": "2025-05-23T19:28:33.601Z"
  }
},
{
  "model": "core.leaveinvoice",
  "pk": 25,
  "fields": {
    "invoice_number": "INV-20250513-58091",
    "client": 2,
    "leave_type": "companion_leave",
    "leave_id": "CL-20250513-15209",
    "amount": "200.00",
    "status": "paid",
    "issue_date": "2025-05-04",
    "due_date": "2025-06-03",
    "notes": null,
    "created_at": "2025-05-12T22:56:52.458Z",
    "updated_at": "2025-05-12T22:56:54.273Z"
  }
},
{
  "model": "core.leaveinvoice",
  "pk": 26,
  "fields": {
    "invoice_number": "INV-20250513-59954",
    "client": 4,
    "leave_type": "companion_leave",
    "leave_id": "CL-20250513-65576",
    "amount": "200.00",
    "status": "partially_paid",
    "issue_date": "2025-04-15",
    "due_date": "2025-05-15",
    "notes": null,
    "created_at": "2025-05-12T22:56:52.472Z",
    "updated_at": "2025-05-12T22:56:53.777Z"
  }
},
{
  "model": "core.leaveinvoice",
  "pk": 27,
  "fields": {
    "invoice_number": "INV-20250513-15050",
    "client": 3,
    "leave_type": "sick_leave",
    "leave_id": "SL-20250513-79484",
    "amount": "150.00",
    "status": "paid",
    "issue_date": "2025-03-28",
    "due_date": "2025-04-27",
    "notes": "فاتورة sick_leave رقم SL-20250513-79484",
    "created_at": "2025-05-12T22:56:52.488Z",
    "updated_at": "2025-05-12T22:56:53.996Z"
  }
},
{
  "model": "core.leaveinvoice",
  "pk": 28,
  "fields": {
    "invoice_number": "INV-20250513-17233",
    "client": 1,
    "leave_type": "sick_leave",
    "leave_id": "SL-20250513-52916",
    "amount": "500.00",
    "status": "paid",
    "issue_date": "2025-04-15",
    "due_date": "2025-05-15",
    "notes": null,
    "created_at": "2025-05-12T22:56:52.497Z",
    "updated_at": "2025-05-22T21:04:58.773Z"
  }
},
{
  "model": "core.leaveinvoice",
  "pk": 29,
  "fields": {
    "invoice_number": "INV-20250513-67662",
    "client": 4,
    "leave_type": "sick_leave",
    "leave_id": "SL-20250513-90471",
    "amount": "150.00",
    "status": "paid",
    "issue_date": "2025-03-21",
    "due_date": "2025-04-20",
    "notes": "فاتورة sick_leave رقم SL-20250513-90471",
    "created_at": "2025-05-12T22:56:52.515Z",
    "updated_at": "2025-05-23T19:28:33.591Z"
  }
},
{
  "model": "core.leaveinvoice",
  "pk": 30,
  "fields": {
    "invoice_number": "INV-20250513-60721",
    "client": 3,
    "leave_type": "sick_leave",
    "leave_id": "SL-20250513-30720",
    "amount": "150.00",
    "status": "paid",
    "issue_date": "2025-04-09",
    "due_date": "2025-05-09",
    "notes": "فاتورة sick_leave رقم SL-20250513-30720",
    "created_at": "2025-05-12T22:56:52.574Z",
    "updated_at": "2025-05-12T22:56:54.610Z"
  }
},
{
  "model": "core.leaveinvoice",
  "pk": 31,
  "fields": {
    "invoice_number": "INV-20250513-78951",
    "client": 1,
    "leave_type": "sick_leave",
    "leave_id": "SL-20250513-94045",
    "amount": "500.00",
    "status": "paid",
    "issue_date": "2025-05-08",
    "due_date": "2025-06-07",
    "notes": null,
    "created_at": "2025-05-12T22:56:52.579Z",
    "updated_at": "2025-05-12T22:56:54.399Z"
  }
},
{
  "model": "core.leaveinvoice",
  "pk": 32,
  "fields": {
    "invoice_number": "INV-20250513-43608",
    "client": 3,
    "leave_type": "sick_leave",
    "leave_id": "SL-20250513-79015",
    "amount": "150.00",
    "status": "unpaid",
    "issue_date": "2025-04-25",
    "due_date": "2025-05-25",
    "notes": null,
    "created_at": "2025-05-12T22:56:52.610Z",
    "updated_at": "2025-05-12T22:56:52.610Z"
  }
},
{
  "model": "core.leaveinvoice",
  "pk": 33,
  "fields": {
    "invoice_number": "INV-20250513-13015",
    "client": 3,
    "leave_type": "companion_leave",
    "leave_id": "CL-20250513-48522",
    "amount": "550.00",
    "status": "paid",
    "issue_date": "2025-04-04",
    "due_date": "2025-05-04",
    "notes": "فاتورة companion_leave رقم CL-20250513-48522",
    "created_at": "2025-05-12T22:56:52.626Z",
    "updated_at": "2025-05-12T22:56:53.873Z"
  }
},
{
  "model": "core.leaveinvoice",
  "pk": 34,
  "fields": {
    "invoice_number": "INV-20250513-43765",
    "client": 2,
    "leave_type": "sick_leave",
    "leave_id": "SL-20250513-78600",
    "amount": "450.00",
    "status": "paid",
    "issue_date": "2025-04-02",
    "due_date": "2025-05-02",
    "notes": "فاتورة sick_leave رقم SL-20250513-78600",
    "created_at": "2025-05-12T22:56:52.660Z",
    "updated_at": "2025-05-12T22:56:54.256Z"
  }
},
{
  "model": "core.leaveinvoice",
  "pk": 35,
  "fields": {
    "invoice_number": "INV-20250513-19304",
    "client": 1,
    "leave_type": "sick_leave",
    "leave_id": "SL-20250513-14240",
    "amount": "500.00",
    "status": "paid",
    "issue_date": "2025-05-10",
    "due_date": "2025-06-09",
    "notes": "فاتورة sick_leave رقم SL-20250513-14240",
    "created_at": "2025-05-12T22:56:52.674Z",
    "updated_at": "2025-05-12T22:56:53.941Z"
  }
},
{
  "model": "core.leaveinvoice",
  "pk": 36,
  "fields": {
    "invoice_number": "INV-20250513-94481",
    "client": 4,
    "leave_type": "sick_leave",
    "leave_id": "SL-20250513-12970",
    "amount": "150.00",
    "status": "paid",
    "issue_date": "2025-05-12",
    "due_date": "2025-06-11",
    "notes": null,
    "created_at": "2025-05-12T22:56:52.690Z",
    "updated_at": "2025-05-12T22:56:53.646Z"
  }
},
{
  "model": "core.leaveinvoice",
  "pk": 37,
  "fields": {
    "invoice_number": "INV-20250513-83933",
    "client": 1,
    "leave_type": "sick_leave",
    "leave_id": "SL-20250513-91204",
    "amount": "500.00",
    "status": "paid",
    "issue_date": "2025-04-05",
    "due_date": "2025-05-05",
    "notes": null,
    "created_at": "2025-05-12T22:56:52.696Z",
    "updated_at": "2025-05-12T22:56:54.521Z"
  }
},
{
  "model": "core.leaveinvoice",
  "pk": 38,
  "fields": {
    "invoice_number": "INV-20250513-19926",
    "client": 3,
    "leave_type": "companion_leave",
    "leave_id": "CL-20250513-74426",
    "amount": "550.00",
    "status": "paid",
    "issue_date": "2025-04-09",
    "due_date": "2025-05-09",
    "notes": null,
    "created_at": "2025-05-12T22:56:52.709Z",
    "updated_at": "2025-05-12T22:56:54.077Z"
  }
},
{
  "model": "core.leaveinvoice",
  "pk": 39,
  "fields": {
    "invoice_number": "INV-20250513-45313",
    "client": 1,
    "leave_type": "sick_leave",
    "leave_id": "SL-20250513-20401",
    "amount": "500.00",
    "status": "paid",
    "issue_date": "2025-04-26",
    "due_date": "2025-05-26",
    "notes": null,
    "created_at": "2025-05-12T22:56:52.714Z",
    "updated_at": "2025-05-12T22:56:54.365Z"
  }
},
{
  "model": "core.leaveinvoice",
  "pk": 40,
  "fields": {
    "invoice_number": "INV-20250513-70021",
    "client": 2,
    "leave_type": "companion_leave",
    "leave_id": "CL-20250513-40289",
    "amount": "200.00",
    "status": "paid",
    "issue_date": "2025-05-09",
    "due_date": "2025-06-08",
    "notes": null,
    "created_at": "2025-05-12T22:56:52.730Z",
    "updated_at": "2025-05-12T22:56:53.591Z"
  }
},
{
  "model": "core.leaveinvoice",
  "pk": 41,
  "fields": {
    "invoice_number": "INV-20250513-24269",
    "client": 2,
    "leave_type": "sick_leave",
    "leave_id": "SL-20250513-36338",
    "amount": "450.00",
    "status": "paid",
    "issue_date": "2025-03-29",
    "due_date": "2025-04-28",
    "notes": null,
    "created_at": "2025-05-12T22:56:52.738Z",
    "updated_at": "2025-05-12T22:56:54.127Z"
  }
},
{
  "model": "core.leaveinvoice",
  "pk": 42,
  "fields": {
    "invoice_number": "INV-20250513-48519",
    "client": 4,
    "leave_type": "sick_leave",
    "leave_id": "SL-20250513-96257",
    "amount": "150.00",
    "status": "paid",
    "issue_date": "2025-04-01",
    "due_date": "2025-05-01",
    "notes": null,
    "created_at": "2025-05-12T22:56:52.760Z",
    "updated_at": "2025-05-12T22:56:52.760Z"
  }
},
{
  "model": "core.leaveinvoice",
  "pk": 43,
  "fields": {
    "invoice_number": "INV-20250513-51243",
    "client": 1,
    "leave_type": "companion_leave",
    "leave_id": "CL-20250513-27965",
    "amount": "600.00",
    "status": "paid",
    "issue_date": "2025-03-22",
    "due_date": "2025-04-21",
    "notes": "فاتورة companion_leave رقم CL-20250513-27965",
    "created_at": "2025-05-12T22:56:52.763Z",
    "updated_at": "2025-05-12T22:56:54.537Z"
  }
},
{
  "model": "core.leaveinvoice",
  "pk": 44,
  "fields": {
    "invoice_number": "INV-20250513-92918",
    "client": 4,
    "leave_type": "sick_leave",
    "leave_id": "SL-20250513-58758",
    "amount": "150.00",
    "status": "unpaid",
    "issue_date": "2025-05-03",
    "due_date": "2025-06-02",
    "notes": null,
    "created_at": "2025-05-12T22:56:52.778Z",
    "updated_at": "2025-05-12T22:56:52.778Z"
  }
},
{
  "model": "core.leaveinvoice",
  "pk": 45,
  "fields": {
    "invoice_number": "INV-20250513-96807",
    "client": 4,
    "leave_type": "sick_leave",
    "leave_id": "SL-20250513-55143",
    "amount": "150.00",
    "status": "unpaid",
    "issue_date": "2025-04-12",
    "due_date": "2025-05-12",
    "notes": "فاتورة sick_leave رقم SL-20250513-55143",
    "created_at": "2025-05-12T22:56:52.792Z",
    "updated_at": "2025-05-12T22:56:52.793Z"
  }
},
{
  "model": "core.leaveinvoice",
  "pk": 46,
  "fields": {
    "invoice_number": "INV-20250513-38903",
    "client": 4,
    "leave_type": "companion_leave",
    "leave_id": "CL-20250513-75524",
    "amount": "200.00",
    "status": "paid",
    "issue_date": "2025-04-13",
    "due_date": "2025-05-13",
    "notes": null,
    "created_at": "2025-05-12T22:56:52.803Z",
    "updated_at": "2025-05-12T22:56:53.792Z"
  }
},
{
  "model": "core.leaveinvoice",
  "pk": 47,
  "fields": {
    "invoice_number": "INV-20250513-15730",
    "client": 3,
    "leave_type": "sick_leave",
    "leave_id": "SL-20250513-13024",
    "amount": "150.00",
    "status": "partially_paid",
    "issue_date": "2025-05-08",
    "due_date": "2025-06-07",
    "notes": "فاتورة sick_leave رقم SL-20250513-13024",
    "created_at": "2025-05-12T22:56:52.814Z",
    "updated_at": "2025-05-12T22:56:54.628Z"
  }
},
{
  "model": "core.leaveinvoice",
  "pk": 48,
  "fields": {
    "invoice_number": "INV-20250513-88569",
    "client": 4,
    "leave_type": "companion_leave",
    "leave_id": "CL-20250513-10720",
    "amount": "200.00",
    "status": "partially_paid",
    "issue_date": "2025-04-07",
    "due_date": "2025-05-07",
    "notes": null,
    "created_at": "2025-05-12T22:56:52.826Z",
    "updated_at": "2025-05-12T22:56:53.902Z"
  }
},
{
  "model": "core.leaveinvoice",
  "pk": 49,
  "fields": {
    "invoice_number": "INV-20250513-94885",
    "client": 2,
    "leave_type": "companion_leave",
    "leave_id": "CL-20250513-84763",
    "amount": "200.00",
    "status": "paid",
    "issue_date": "2025-05-03",
    "due_date": "2025-06-02",
    "notes": null,
    "created_at": "2025-05-12T22:56:52.841Z",
    "updated_at": "2025-05-12T22:56:54.503Z"
  }
},
{
  "model": "core.leaveinvoice",
  "pk": 50,
  "fields": {
    "invoice_number": "INV-20250513-41671",
    "client": 3,
    "leave_type": "sick_leave",
    "leave_id": "SL-20250513-44079",
    "amount": "150.00",
    "status": "partially_paid",
    "issue_date": "2025-05-07",
    "due_date": "2025-06-06",
    "notes": null,
    "created_at": "2025-05-12T22:56:52.848Z",
    "updated_at": "2025-05-12T22:56:54.018Z"
  }
},
{
  "model": "core.leaveinvoice",
  "pk": 51,
  "fields": {
    "invoice_number": "INV-20250513-50370",
    "client": 3,
    "leave_type": "sick_leave",
    "leave_id": "SL-20250513-80837",
    "amount": "150.00",
    "status": "paid",
    "issue_date": "2025-04-29",
    "due_date": "2025-05-29",
    "notes": "فاتورة sick_leave رقم SL-20250513-80837",
    "created_at": "2025-05-12T22:56:52.861Z",
    "updated_at": "2025-05-12T22:56:54.584Z"
  }
},
{
  "model": "core.leaveinvoice",
  "pk": 52,
  "fields": {
    "invoice_number": "INV-20250513-89785",
    "client": 3,
    "leave_type": "companion_leave",
    "leave_id": "CL-20250513-71848",
    "amount": "550.00",
    "status": "partially_paid",
    "issue_date": "2025-03-28",
    "due_date": "2025-04-27",
    "notes": "فاتورة companion_leave رقم CL-20250513-71848",
    "created_at": "2025-05-12T22:56:52.867Z",
    "updated_at": "2025-05-12T22:56:54.008Z"
  }
},
{
  "model": "core.leaveinvoice",
  "pk": 53,
  "fields": {
    "invoice_number": "INV-20250513-40941",
    "client": 1,
    "leave_type": "companion_leave",
    "leave_id": "CL-20250513-25360",
    "amount": "600.00",
    "status": "paid",
    "issue_date": "2025-03-27",
    "due_date": "2025-04-26",
    "notes": null,
    "created_at": "2025-05-12T22:56:52.873Z",
    "updated_at": "2025-05-12T22:56:54.055Z"
  }
},
{
  "model": "core.leaveinvoice",
  "pk": 54,
  "fields": {
    "invoice_number": "INV-20250513-74480",
    "client": 4,
    "leave_type": "companion_leave",
    "leave_id": "CL-20250513-77510",
    "amount": "200.00",
    "status": "paid",
    "issue_date": "2025-04-15",
    "due_date": "2025-05-15",
    "notes": "فاتورة companion_leave رقم CL-20250513-77510",
    "created_at": "2025-05-12T22:56:52.888Z",
    "updated_at": "2025-05-12T22:56:53.910Z"
  }
},
{
  "model": "core.leaveinvoice",
  "pk": 55,
  "fields": {
    "invoice_number": "INV-20250513-88267",
    "client": 4,
    "leave_type": "sick_leave",
    "leave_id": "SL-20250513-49935",
    "amount": "150.00",
    "status": "paid",
    "issue_date": "2025-03-16",
    "due_date": "2025-04-15",
    "notes": "فاتورة sick_leave رقم SL-20250513-49935",
    "created_at": "2025-05-12T22:56:52.903Z",
    "updated_at": "2025-05-23T19:28:33.582Z"
  }
},
{
  "model": "core.leaveinvoice",
  "pk": 56,
  "fields": {
    "invoice_number": "INV-20250513-54157",
    "client": 2,
    "leave_type": "sick_leave",
    "leave_id": "SL-20250513-84687",
    "amount": "450.00",
    "status": "paid",
    "issue_date": "2025-04-23",
    "due_date": "2025-05-23",
    "notes": "فاتورة sick_leave رقم SL-20250513-84687",
    "created_at": "2025-05-12T22:56:52.909Z",
    "updated_at": "2025-05-12T22:56:53.464Z"
  }
},
{
  "model": "core.leaveinvoice",
  "pk": 57,
  "fields": {
    "invoice_number": "INV-20250513-89644",
    "client": 2,
    "leave_type": "companion_leave",
    "leave_id": "CL-20250513-11841",
    "amount": "200.00",
    "status": "paid",
    "issue_date": "2025-04-04",
    "due_date": "2025-05-04",
    "notes": null,
    "created_at": "2025-05-12T22:56:52.925Z",
    "updated_at": "2025-05-12T22:56:53.761Z"
  }
},
{
  "model": "core.leaveinvoice",
  "pk": 58,
  "fields": {
    "invoice_number": "INV-20250513-56170",
    "client": 4,
    "leave_type": "sick_leave",
    "leave_id": "SL-20250513-80114",
    "amount": "150.00",
    "status": "partially_paid",
    "issue_date": "2025-04-23",
    "due_date": "2025-05-23",
    "notes": "فاتورة sick_leave رقم SL-20250513-80114",
    "created_at": "2025-05-12T22:56:52.937Z",
    "updated_at": "2025-05-12T22:56:52.937Z"
  }
},
{
  "model": "core.leaveinvoice",
  "pk": 59,
  "fields": {
    "invoice_number": "INV-20250513-67151",
    "client": 1,
    "leave_type": "sick_leave",
    "leave_id": "SL-20250513-66318",
    "amount": "500.00",
    "status": "paid",
    "issue_date": "2025-04-26",
    "due_date": "2025-05-26",
    "notes": null,
    "created_at": "2025-05-12T22:56:52.945Z",
    "updated_at": "2025-05-12T22:56:53.695Z"
  }
},
{
  "model": "core.leaveinvoice",
  "pk": 60,
  "fields": {
    "invoice_number": "INV-20250513-72439",
    "client": 2,
    "leave_type": "companion_leave",
    "leave_id": "CL-20250513-33647",
    "amount": "200.00",
    "status": "paid",
    "issue_date": "2025-03-23",
    "due_date": "2025-04-22",
    "notes": "فاتورة companion_leave رقم CL-20250513-33647",
    "created_at": "2025-05-12T22:56:53.095Z",
    "updated_at": "2025-05-12T22:56:53.739Z"
  }
},
{
  "model": "core.leaveinvoice",
  "pk": 61,
  "fields": {
    "invoice_number": "INV-20250513-45101",
    "client": 4,
    "leave_type": "sick_leave",
    "leave_id": "SL-20250513-56047",
    "amount": "150.00",
    "status": "partially_paid",
    "issue_date": "2025-04-29",
    "due_date": "2025-05-29",
    "notes": null,
    "created_at": "2025-05-12T22:56:53.395Z",
    "updated_at": "2025-05-12T22:56:53.395Z"
  }
},
{
  "model": "core.leaveinvoice",
  "pk": 62,
  "fields": {
    "invoice_number": "INV-20250513-24745",
    "client": 3,
    "leave_type": "companion_leave",
    "leave_id": "CL-20250513-27068",
    "amount": "550.00",
    "status": "paid",
    "issue_date": "2025-04-06",
    "due_date": "2025-05-06",
    "notes": "فاتورة companion_leave رقم CL-20250513-27068",
    "created_at": "2025-05-12T22:56:53.417Z",
    "updated_at": "2025-05-12T22:56:54.622Z"
  }
},
{
  "model": "core.leaveinvoice",
  "pk": 63,
  "fields": {
    "invoice_number": "INV-20250513-59536",
    "client": 1,
    "leave_type": "sick_leave",
    "leave_id": "SL-20250513-73490",
    "amount": "500.00",
    "status": "partially_paid",
    "issue_date": "2025-05-13",
    "due_date": "2025-06-12",
    "notes": null,
    "created_at": "2025-05-12T23:41:59.198Z",
    "updated_at": "2025-05-22T21:04:58.794Z"
  }
},
{
  "model": "core.leaveinvoice",
  "pk": 64,
  "fields": {
    "invoice_number": "INV-20250513-67134",
    "client": 4,
    "leave_type": "sick_leave",
    "leave_id": "GSL-20250513-64101",
    "amount": "150.00",
    "status": "unpaid",
    "issue_date": "2025-05-13",
    "due_date": "2025-06-12",
    "notes": "",
    "created_at": "2025-05-12T23:50:20.712Z",
    "updated_at": "2025-05-12T23:50:20.754Z"
  }
},
{
  "model": "core.leaveinvoice",
  "pk": 65,
  "fields": {
    "invoice_number": "INV-20250513-17725",
    "client": 4,
    "leave_type": "sick_leave",
    "leave_id": "SL-20250513-13718",
    "amount": "150.00",
    "status": "unpaid",
    "issue_date": "2025-05-13",
    "due_date": "2025-06-12",
    "notes": null,
    "created_at": "2025-05-13T01:02:35.227Z",
    "updated_at": "2025-05-13T01:02:35.228Z"
  }
},
{
  "model": "core.leaveinvoice",
  "pk": 66,
  "fields": {
    "invoice_number": "INV-20250514-31849",
    "client": 1,
    "leave_type": "sick_leave",
    "leave_id": "SL-20250514-38119",
    "amount": "500.00",
    "status": "unpaid",
    "issue_date": "2025-05-14",
    "due_date": "2025-06-13",
    "notes": null,
    "created_at": "2025-05-14T17:26:59.123Z",
    "updated_at": "2025-05-14T17:26:59.124Z"
  }
},
{
  "model": "core.leaveinvoice",
  "pk": 67,
  "fields": {
    "invoice_number": "INV-20250514-79647",
    "client": 5,
    "leave_type": "sick_leave",
    "leave_id": "SL-20250514-16184",
    "amount": "5.00",
    "status": "unpaid",
    "issue_date": "2025-05-14",
    "due_date": "2025-06-13",
    "notes": null,
    "created_at": "2025-05-14T17:56:07.618Z",
    "updated_at": "2025-05-14T17:56:07.621Z"
  }
},
{
  "model": "core.leaveinvoice",
  "pk": 68,
  "fields": {
    "invoice_number": "INV-20250514-19475",
    "client": 4,
    "leave_type": "sick_leave",
    "leave_id": "SL-20250514-86685",
    "amount": "150.00",
    "status": "unpaid",
    "issue_date": "2025-05-14",
    "due_date": "2025-06-13",
    "notes": null,
    "created_at": "2025-05-14T18:12:40.402Z",
    "updated_at": "2025-05-14T18:12:40.405Z"
  }
},
{
  "model": "core.leaveinvoice",
  "pk": 69,
  "fields": {
    "invoice_number": "INV-20250514-65932",
    "client": 1,
    "leave_type": "sick_leave",
    "leave_id": "SL-20250514-82213",
    "amount": "500.00",
    "status": "unpaid",
    "issue_date": "2025-05-14",
    "due_date": "2025-06-13",
    "notes": "\nتم تغيير المبلغ من 5.00 إلى 500.00 بتاريخ 2025-05-14",
    "created_at": "2025-05-14T18:25:13.452Z",
    "updated_at": "2025-05-14T18:57:39.672Z"
  }
},
{
  "model": "core.leaveinvoice",
  "pk": 70,
  "fields": {
    "invoice_number": "INV-20250518-35547",
    "client": 4,
    "leave_type": "sick_leave",
    "leave_id": "SL-20250518-38402",
    "amount": "150.00",
    "status": "unpaid",
    "issue_date": "2025-05-18",
    "due_date": "2025-06-17",
    "notes": null,
    "created_at": "2025-05-17T22:48:14.581Z",
    "updated_at": "2025-05-17T22:48:14.583Z"
  }
},
{
  "model": "core.leaveinvoice",
  "pk": 71,
  "fields": {
    "invoice_number": "INV-20250518-85328",
    "client": 5,
    "leave_type": "sick_leave",
    "leave_id": "PSL20250518029405",
    "amount": "5.00",
    "status": "unpaid",
    "issue_date": "2025-05-18",
    "due_date": "2025-06-17",
    "notes": null,
    "created_at": "2025-05-17T23:05:56.673Z",
    "updated_at": "2025-05-20T04:06:42.839Z"
  }
},
{
  "model": "core.leaveinvoice",
  "pk": 72,
  "fields": {
    "invoice_number": "INV-2025-39398",
    "client": 5,
    "leave_type": "companion_leave",
    "leave_id": "GSL2025027220",
    "amount": "200.00",
    "status": "unpaid",
    "issue_date": "2025-05-18",
    "due_date": "2025-06-17",
    "notes": null,
    "created_at": "2025-05-17T23:13:03.815Z",
    "updated_at": "2025-05-17T23:13:03.817Z"
  }
},
{
  "model": "core.leaveinvoice",
  "pk": 73,
  "fields": {
    "invoice_number": "INV-2025-16867",
    "client": 3,
    "leave_type": "sick_leave",
    "leave_id": "PSL2025022183",
    "amount": "150.00",
    "status": "unpaid",
    "issue_date": "2025-05-18",
    "due_date": "2025-06-17",
    "notes": null,
    "created_at": "2025-05-17T23:29:08.291Z",
    "updated_at": "2025-05-17T23:29:08.292Z"
  }
},
{
  "model": "core.leaveinvoice",
  "pk": 74,
  "fields": {
    "invoice_number": "INV-2025-86028",
    "client": 5,
    "leave_type": "companion_leave",
    "leave_id": "PSL2025173950",
    "amount": "200.00",
    "status": "unpaid",
    "issue_date": "2025-05-19",
    "due_date": "2025-06-18",
    "notes": null,
    "created_at": "2025-05-19T14:27:22.676Z",
    "updated_at": "2025-05-19T15:36:45.900Z"
  }
},
{
  "model": "core.leaveinvoice",
  "pk": 75,
  "fields": {
    "invoice_number": "INV-2025-26758",
    "client": 5,
    "leave_type": "sick_leave",
    "leave_id": "PSL2025052082",
    "amount": "5.00",
    "status": "unpaid",
    "issue_date": "2025-05-20",
    "due_date": "2025-06-19",
    "notes": null,
    "created_at": "2025-05-20T00:35:20.171Z",
    "updated_at": "2025-05-20T00:35:20.171Z"
  }
},
{
  "model": "core.leaveinvoice",
  "pk": 76,
  "fields": {
    "invoice_number": "INV-2025-39263",
    "client": 5,
    "leave_type": "sick_leave",
    "leave_id": "PSL2025052152",
    "amount": "5.00",
    "status": "unpaid",
    "issue_date": "2025-05-21",
    "due_date": "2025-06-20",
    "notes": null,
    "created_at": "2025-05-21T13:31:22.224Z",
    "updated_at": "2025-05-21T13:31:22.225Z"
  }
},
{
  "model": "core.leaveinvoice",
  "pk": 77,
  "fields": {
    "invoice_number": "INV-2025-70678",
    "client": 4,
    "leave_type": "sick_leave",
    "leave_id": "PSL2025052257",
    "amount": "150.00",
    "status": "unpaid",
    "issue_date": "2025-05-22",
    "due_date": "2025-06-21",
    "notes": null,
    "created_at": "2025-05-22T00:18:41.021Z",
    "updated_at": "2025-05-22T00:18:41.023Z"
  }
},
{
  "model": "core.leaveinvoice",
  "pk": 78,
  "fields": {
    "invoice_number": "INV-2025-46928",
    "client": 5,
    "leave_type": "sick_leave",
    "leave_id": "PSL2025052269",
    "amount": "5.00",
    "status": "unpaid",
    "issue_date": "2025-05-22",
    "due_date": "2025-06-21",
    "notes": null,
    "created_at": "2025-05-22T03:10:54.040Z",
    "updated_at": "2025-05-22T03:21:47.200Z"
  }
},
{
  "model": "core.leaveinvoice",
  "pk": 79,
  "fields": {
    "invoice_number": "INV-2025-24072",
    "client": 4,
    "leave_type": "sick_leave",
    "leave_id": "PSL2025052287",
    "amount": "150.00",
    "status": "unpaid",
    "issue_date": "2025-05-22",
    "due_date": "2025-06-21",
    "notes": null,
    "created_at": "2025-05-22T03:30:42.880Z",
    "updated_at": "2025-05-22T03:30:42.881Z"
  }
},
{
  "model": "core.leaveinvoice",
  "pk": 80,
  "fields": {
    "invoice_number": "INV-2025-59294",
    "client": 4,
    "leave_type": "sick_leave",
    "leave_id": "PSL2025052273",
    "amount": "150.00",
    "status": "unpaid",
    "issue_date": "2025-05-22",
    "due_date": "2025-06-21",
    "notes": null,
    "created_at": "2025-05-22T03:38:25.561Z",
    "updated_at": "2025-05-22T03:38:25.562Z"
  }
},
{
  "model": "core.leaveinvoice",
  "pk": 81,
  "fields": {
    "invoice_number": "INV-2025-99104",
    "client": 5,
    "leave_type": "companion_leave",
    "leave_id": "PSL2025052257",
    "amount": "150.00",
    "status": "unpaid",
    "issue_date": "2025-05-22",
    "due_date": "2025-06-21",
    "notes": null,
    "created_at": "2025-05-22T20:02:32.380Z",
    "updated_at": "2025-05-23T22:29:09.600Z"
  }
},
{
  "model": "core.leaveinvoice",
  "pk": 82,
  "fields": {
    "invoice_number": "INV-2025-53076",
    "client": 5,
    "leave_type": "sick_leave",
    "leave_id": "GSL2025052222",
    "amount": "5.00",
    "status": "unpaid",
    "issue_date": "2025-05-22",
    "due_date": "2025-06-21",
    "notes": "\nتم تغيير المبلغ من 150.00 إلى 5.00 بتاريخ 2025-05-23",
    "created_at": "2025-05-22T20:34:35.146Z",
    "updated_at": "2025-05-23T18:46:18.152Z"
  }
},
{
  "model": "core.leaveinvoice",
  "pk": 83,
  "fields": {
    "invoice_number": "INV-2025-64132",
    "client": 5,
    "leave_type": "sick_leave",
    "leave_id": "PSL2025052391",
    "amount": "5.00",
    "status": "unpaid",
    "issue_date": "2025-05-23",
    "due_date": "2025-06-22",
    "notes": null,
    "created_at": "2025-05-23T17:28:13.147Z",
    "updated_at": "2025-05-23T17:28:13.150Z"
  }
},
{
  "model": "core.leaveinvoice",
  "pk": 84,
  "fields": {
    "invoice_number": "INV-2025-77358",
    "client": 5,
    "leave_type": "sick_leave",
    "leave_id": "PSL2025052355",
    "amount": "5.00",
    "status": "unpaid",
    "issue_date": "2025-05-23",
    "due_date": "2025-06-22",
    "notes": "\nتم تغيير المبلغ من 150.00 إلى 5.00 بتاريخ 2025-05-23",
    "created_at": "2025-05-23T19:22:01.414Z",
    "updated_at": "2025-05-23T20:05:57.342Z"
  }
},
{
  "model": "core.leaveinvoice",
  "pk": 85,
  "fields": {
    "invoice_number": "INV-2025-63076",
    "client": 5,
    "leave_type": "sick_leave",
    "leave_id": "PSL2025052359",
    "amount": "5.00",
    "status": "unpaid",
    "issue_date": "2025-05-23",
    "due_date": "2025-06-22",
    "notes": null,
    "created_at": "2025-05-23T20:36:15.208Z",
    "updated_at": "2025-05-23T20:36:15.209Z"
  }
},
{
  "model": "core.payment",
  "pk": 1,
  "fields": {
    "payment_number": "PAY-20250512-85244",
    "client": 1,
    "amount": "5600.00",
    "payment_method": "credit_card",
    "payment_date": "2025-04-15",
    "reference_number": null,
    "notes": null,
    "created_at": "2025-05-12T20:50:57.636Z",
    "updated_at": "2025-05-12T20:50:57.636Z"
  }
},
{
  "model": "core.payment",
  "pk": 2,
  "fields": {
    "payment_number": "PAY-20250512-69548",
    "client": 3,
    "amount": "2100.00",
    "payment_method": "bank_transfer",
    "payment_date": "2025-05-01",
    "reference_number": null,
    "notes": null,
    "created_at": "2025-05-12T20:50:57.674Z",
    "updated_at": "2025-05-12T20:50:57.674Z"
  }
},
{
  "model": "core.payment",
  "pk": 3,
  "fields": {
    "payment_number": "PAY-20250512-66434",
    "client": 1,
    "amount": "5000.00",
    "payment_method": "bank_transfer",
    "payment_date": "2025-05-09",
    "reference_number": null,
    "notes": null,
    "created_at": "2025-05-12T20:50:57.692Z",
    "updated_at": "2025-05-12T20:50:57.692Z"
  }
},
{
  "model": "core.payment",
  "pk": 4,
  "fields": {
    "payment_number": "PAY-20250512-69421",
    "client": 3,
    "amount": "1000.00",
    "payment_method": "cash",
    "payment_date": "2025-04-23",
    "reference_number": null,
    "notes": null,
    "created_at": "2025-05-12T20:50:57.718Z",
    "updated_at": "2025-05-12T20:50:57.719Z"
  }
},
{
  "model": "core.payment",
  "pk": 5,
  "fields": {
    "payment_number": "PAY-20250512-38797",
    "client": 1,
    "amount": "4000.00",
    "payment_method": "cash",
    "payment_date": "2025-05-01",
    "reference_number": null,
    "notes": "دفعة لـ 3 فاتورة",
    "created_at": "2025-05-12T20:50:57.735Z",
    "updated_at": "2025-05-12T20:50:57.736Z"
  }
},
{
  "model": "core.payment",
  "pk": 6,
  "fields": {
    "payment_number": "PAY-20250512-31224",
    "client": 3,
    "amount": "680.00",
    "payment_method": "cash",
    "payment_date": "2025-05-10",
    "reference_number": "31239299",
    "notes": null,
    "created_at": "2025-05-12T20:50:57.758Z",
    "updated_at": "2025-05-12T20:50:57.759Z"
  }
},
{
  "model": "core.payment",
  "pk": 7,
  "fields": {
    "payment_number": "PAY-20250512-84345",
    "client": 3,
    "amount": "311.68",
    "payment_method": "cash",
    "payment_date": "2025-03-26",
    "reference_number": null,
    "notes": "دفعة لـ 1 فاتورة",
    "created_at": "2025-05-12T20:50:57.770Z",
    "updated_at": "2025-05-12T20:50:57.771Z"
  }
},
{
  "model": "core.payment",
  "pk": 8,
  "fields": {
    "payment_number": "PAY-20250512-36376",
    "client": 3,
    "amount": "1300.00",
    "payment_method": "credit_card",
    "payment_date": "2025-04-24",
    "reference_number": null,
    "notes": "دفعة لـ 3 فاتورة",
    "created_at": "2025-05-12T20:50:57.779Z",
    "updated_at": "2025-05-12T20:50:57.779Z"
  }
},
{
  "model": "core.payment",
  "pk": 9,
  "fields": {
    "payment_number": "PAY-20250512-12112",
    "client": 2,
    "amount": "400.00",
    "payment_method": "credit_card",
    "payment_date": "2025-04-15",
    "reference_number": "24145879",
    "notes": null,
    "created_at": "2025-05-12T20:50:57.795Z",
    "updated_at": "2025-05-12T20:50:57.796Z"
  }
},
{
  "model": "core.payment",
  "pk": 10,
  "fields": {
    "payment_number": "PAY-20250512-11779",
    "client": 3,
    "amount": "930.00",
    "payment_method": "check",
    "payment_date": "2025-04-08",
    "reference_number": null,
    "notes": null,
    "created_at": "2025-05-12T20:50:57.802Z",
    "updated_at": "2025-05-12T20:50:57.803Z"
  }
},
{
  "model": "core.payment",
  "pk": 11,
  "fields": {
    "payment_number": "PAY-20250512-52636",
    "client": 1,
    "amount": "1300.39",
    "payment_method": "credit_card",
    "payment_date": "2025-04-11",
    "reference_number": null,
    "notes": "دفعة لـ 3 فاتورة",
    "created_at": "2025-05-12T20:50:57.816Z",
    "updated_at": "2025-05-12T20:50:57.816Z"
  }
},
{
  "model": "core.payment",
  "pk": 12,
  "fields": {
    "payment_number": "PAY-20250512-49129",
    "client": 1,
    "amount": "2000.00",
    "payment_method": "cash",
    "payment_date": "2025-04-09",
    "reference_number": "87332422",
    "notes": null,
    "created_at": "2025-05-12T20:50:57.835Z",
    "updated_at": "2025-05-12T20:50:57.836Z"
  }
},
{
  "model": "core.payment",
  "pk": 13,
  "fields": {
    "payment_number": "PAY-20250513-70956",
    "client": 1,
    "amount": "100.00",
    "payment_method": "cash",
    "payment_date": "2025-05-13",
    "reference_number": "41234",
    "notes": "asdf",
    "created_at": "2025-05-12T21:27:08.674Z",
    "updated_at": "2025-05-12T21:27:08.696Z"
  }
},
{
  "model": "core.payment",
  "pk": 14,
  "fields": {
    "payment_number": "PAY-20250513-95294",
    "client": 1,
    "amount": "31.36",
    "payment_method": "check",
    "payment_date": "2025-05-13",
    "reference_number": null,
    "notes": "",
    "created_at": "2025-05-12T21:28:13.794Z",
    "updated_at": "2025-05-12T21:28:13.802Z"
  }
},
{
  "model": "core.payment",
  "pk": 15,
  "fields": {
    "payment_number": "PAY-20250513-77318",
    "client": 2,
    "amount": "450.00",
    "payment_method": "bank_transfer",
    "payment_date": "2025-05-03",
    "reference_number": "01158521",
    "notes": null,
    "created_at": "2025-05-12T22:56:53.427Z",
    "updated_at": "2025-05-12T22:56:53.428Z"
  }
},
{
  "model": "core.payment",
  "pk": 16,
  "fields": {
    "payment_number": "PAY-20250513-54976",
    "client": 2,
    "amount": "850.00",
    "payment_method": "check",
    "payment_date": "2025-05-11",
    "reference_number": "10242093",
    "notes": null,
    "created_at": "2025-05-12T22:56:53.476Z",
    "updated_at": "2025-05-12T22:56:53.477Z"
  }
},
{
  "model": "core.payment",
  "pk": 17,
  "fields": {
    "payment_number": "PAY-20250513-86744",
    "client": 4,
    "amount": "150.00",
    "payment_method": "check",
    "payment_date": "2025-05-25",
    "reference_number": "36967987",
    "notes": null,
    "created_at": "2025-05-12T22:56:53.596Z",
    "updated_at": "2025-05-12T22:56:53.597Z"
  }
},
{
  "model": "core.payment",
  "pk": 18,
  "fields": {
    "payment_number": "PAY-20250513-65393",
    "client": 1,
    "amount": "1600.00",
    "payment_method": "credit_card",
    "payment_date": "2025-05-03",
    "reference_number": null,
    "notes": "دفعة لـ 3 فاتورة",
    "created_at": "2025-05-12T22:56:53.657Z",
    "updated_at": "2025-05-12T22:56:53.657Z"
  }
},
{
  "model": "core.payment",
  "pk": 19,
  "fields": {
    "payment_number": "PAY-20250513-79196",
    "client": 2,
    "amount": "850.00",
    "payment_method": "bank_transfer",
    "payment_date": "2025-04-18",
    "reference_number": null,
    "notes": null,
    "created_at": "2025-05-12T22:56:53.707Z",
    "updated_at": "2025-05-12T22:56:53.707Z"
  }
},
{
  "model": "core.payment",
  "pk": 20,
  "fields": {
    "payment_number": "PAY-20250513-97444",
    "client": 4,
    "amount": "400.00",
    "payment_method": "check",
    "payment_date": "2025-04-22",
    "reference_number": "61884217",
    "notes": null,
    "created_at": "2025-05-12T22:56:53.768Z",
    "updated_at": "2025-05-12T22:56:53.769Z"
  }
},
{
  "model": "core.payment",
  "pk": 21,
  "fields": {
    "payment_number": "PAY-20250513-98272",
    "client": 3,
    "amount": "1250.00",
    "payment_method": "credit_card",
    "payment_date": "2025-04-20",
    "reference_number": null,
    "notes": null,
    "created_at": "2025-05-12T22:56:53.796Z",
    "updated_at": "2025-05-12T22:56:53.797Z"
  }
},
{
  "model": "core.payment",
  "pk": 22,
  "fields": {
    "payment_number": "PAY-20250513-86306",
    "client": 4,
    "amount": "400.00",
    "payment_method": "credit_card",
    "payment_date": "2025-04-19",
    "reference_number": null,
    "notes": null,
    "created_at": "2025-05-12T22:56:53.878Z",
    "updated_at": "2025-05-12T22:56:53.879Z"
  }
},
{
  "model": "core.payment",
  "pk": 23,
  "fields": {
    "payment_number": "PAY-20250513-14229",
    "client": 1,
    "amount": "1500.00",
    "payment_method": "credit_card",
    "payment_date": "2025-05-15",
    "reference_number": null,
    "notes": null,
    "created_at": "2025-05-12T22:56:53.912Z",
    "updated_at": "2025-05-12T22:56:53.912Z"
  }
},
{
  "model": "core.payment",
  "pk": 24,
  "fields": {
    "payment_number": "PAY-20250513-31831",
    "client": 2,
    "amount": "378.64",
    "payment_method": "cash",
    "payment_date": "2025-05-13",
    "reference_number": "72770279",
    "notes": "دفعة لـ 2 فاتورة",
    "created_at": "2025-05-12T22:56:53.943Z",
    "updated_at": "2025-05-12T22:56:53.944Z"
  }
},
{
  "model": "core.payment",
  "pk": 25,
  "fields": {
    "payment_number": "PAY-20250513-59336",
    "client": 1,
    "amount": "310.04",
    "payment_method": "bank_transfer",
    "payment_date": "2025-05-05",
    "reference_number": null,
    "notes": null,
    "created_at": "2025-05-12T22:56:53.962Z",
    "updated_at": "2025-05-12T22:56:53.963Z"
  }
},
{
  "model": "core.payment",
  "pk": 26,
  "fields": {
    "payment_number": "PAY-20250513-97756",
    "client": 3,
    "amount": "78.36",
    "payment_method": "check",
    "payment_date": "2025-04-21",
    "reference_number": null,
    "notes": "دفعة لـ 1 فاتورة",
    "created_at": "2025-05-12T22:56:53.977Z",
    "updated_at": "2025-05-12T22:56:53.977Z"
  }
},
{
  "model": "core.payment",
  "pk": 27,
  "fields": {
    "payment_number": "PAY-20250513-34406",
    "client": 3,
    "amount": "320.80",
    "payment_method": "check",
    "payment_date": "2025-05-11",
    "reference_number": null,
    "notes": "دفعة لـ 3 فاتورة",
    "created_at": "2025-05-12T22:56:53.990Z",
    "updated_at": "2025-05-12T22:56:53.991Z"
  }
},
{
  "model": "core.payment",
  "pk": 28,
  "fields": {
    "payment_number": "PAY-20250513-41255",
    "client": 4,
    "amount": "62.55",
    "payment_method": "bank_transfer",
    "payment_date": "2025-04-17",
    "reference_number": "37636618",
    "notes": "دفعة لـ 1 فاتورة",
    "created_at": "2025-05-12T22:56:54.020Z",
    "updated_at": "2025-05-12T22:56:54.020Z"
  }
},
{
  "model": "core.payment",
  "pk": 29,
  "fields": {
    "payment_number": "PAY-20250513-56345",
    "client": 1,
    "amount": "600.00",
    "payment_method": "bank_transfer",
    "payment_date": "2025-03-28",
    "reference_number": "42928199",
    "notes": "دفعة لـ 1 فاتورة",
    "created_at": "2025-05-12T22:56:54.047Z",
    "updated_at": "2025-05-12T22:56:54.048Z"
  }
},
{
  "model": "core.payment",
  "pk": 30,
  "fields": {
    "payment_number": "PAY-20250513-80947",
    "client": 3,
    "amount": "550.00",
    "payment_method": "credit_card",
    "payment_date": "2025-04-16",
    "reference_number": null,
    "notes": "دفعة لـ 1 فاتورة",
    "created_at": "2025-05-12T22:56:54.058Z",
    "updated_at": "2025-05-12T22:56:54.059Z"
  }
},
{
  "model": "core.payment",
  "pk": 31,
  "fields": {
    "payment_number": "PAY-20250513-44309",
    "client": 4,
    "amount": "300.00",
    "payment_method": "bank_transfer",
    "payment_date": "2025-04-27",
    "reference_number": "56535534",
    "notes": null,
    "created_at": "2025-05-12T22:56:54.079Z",
    "updated_at": "2025-05-12T22:56:54.082Z"
  }
},
{
  "model": "core.payment",
  "pk": 32,
  "fields": {
    "payment_number": "PAY-20250513-21443",
    "client": 2,
    "amount": "650.00",
    "payment_method": "credit_card",
    "payment_date": "2025-05-07",
    "reference_number": null,
    "notes": null,
    "created_at": "2025-05-12T22:56:54.107Z",
    "updated_at": "2025-05-12T22:56:54.108Z"
  }
},
{
  "model": "core.payment",
  "pk": 33,
  "fields": {
    "payment_number": "PAY-20250513-46262",
    "client": 2,
    "amount": "650.00",
    "payment_method": "check",
    "payment_date": "2025-05-14",
    "reference_number": "47343284",
    "notes": null,
    "created_at": "2025-05-12T22:56:54.129Z",
    "updated_at": "2025-05-12T22:56:54.131Z"
  }
},
{
  "model": "core.payment",
  "pk": 34,
  "fields": {
    "payment_number": "PAY-20250513-93925",
    "client": 1,
    "amount": "1000.00",
    "payment_method": "check",
    "payment_date": "2025-05-19",
    "reference_number": "11018934",
    "notes": "دفعة لـ 2 فاتورة",
    "created_at": "2025-05-12T22:56:54.327Z",
    "updated_at": "2025-05-12T22:56:54.328Z"
  }
},
{
  "model": "core.payment",
  "pk": 35,
  "fields": {
    "payment_number": "PAY-20250513-36676",
    "client": 2,
    "amount": "200.00",
    "payment_method": "cash",
    "payment_date": "2025-05-05",
    "reference_number": null,
    "notes": null,
    "created_at": "2025-05-12T22:56:54.446Z",
    "updated_at": "2025-05-12T22:56:54.447Z"
  }
},
{
  "model": "core.payment",
  "pk": 36,
  "fields": {
    "payment_number": "PAY-20250513-50285",
    "client": 1,
    "amount": "1100.00",
    "payment_method": "credit_card",
    "payment_date": "2025-04-11",
    "reference_number": "00827088",
    "notes": null,
    "created_at": "2025-05-12T22:56:54.515Z",
    "updated_at": "2025-05-12T22:56:54.515Z"
  }
},
{
  "model": "core.payment",
  "pk": 37,
  "fields": {
    "payment_number": "PAY-20250513-29321",
    "client": 3,
    "amount": "150.00",
    "payment_method": "check",
    "payment_date": "2025-05-07",
    "reference_number": null,
    "notes": "دفعة لـ 1 فاتورة",
    "created_at": "2025-05-12T22:56:54.539Z",
    "updated_at": "2025-05-12T22:56:54.540Z"
  }
},
{
  "model": "core.payment",
  "pk": 38,
  "fields": {
    "payment_number": "PAY-20250513-13263",
    "client": 3,
    "amount": "449.63",
    "payment_method": "cash",
    "payment_date": "2025-05-20",
    "reference_number": "19221083",
    "notes": "دفعة لـ 3 فاتورة",
    "created_at": "2025-05-12T22:56:54.590Z",
    "updated_at": "2025-05-12T22:56:54.590Z"
  }
},
{
  "model": "core.payment",
  "pk": 39,
  "fields": {
    "payment_number": "PAY-2025-10891",
    "client": 5,
    "amount": "200.00",
    "payment_method": "cash",
    "payment_date": "2025-05-19",
    "reference_number": null,
    "notes": "",
    "created_at": "2025-05-19T14:52:53.078Z",
    "updated_at": "2025-05-19T14:52:53.098Z"
  }
},
{
  "model": "core.payment",
  "pk": 40,
  "fields": {
    "payment_number": "PAY-2025-57638",
    "client": 2,
    "amount": "200.00",
    "payment_method": "cash",
    "payment_date": "2025-05-19",
    "reference_number": null,
    "notes": "",
    "created_at": "2025-05-19T14:55:25.014Z",
    "updated_at": "2025-05-19T14:55:25.029Z"
  }
},
{
  "model": "core.payment",
  "pk": 41,
  "fields": {
    "payment_number": "PAY-2025-54581",
    "client": 5,
    "amount": "200.00",
    "payment_method": "bank_transfer",
    "payment_date": "2025-05-19",
    "reference_number": "123123",
    "notes": "",
    "created_at": "2025-05-19T19:34:28.764Z",
    "updated_at": "2025-05-19T19:34:28.876Z"
  }
},
{
  "model": "core.payment",
  "pk": 42,
  "fields": {
    "payment_number": "PAY-2025-15142",
    "client": 5,
    "amount": "10.00",
    "payment_method": "cash",
    "payment_date": "2025-05-20",
    "reference_number": "123412`",
    "notes": "",
    "created_at": "2025-05-19T22:51:58.481Z",
    "updated_at": "2025-05-19T22:51:58.503Z"
  }
},
{
  "model": "core.payment",
  "pk": 43,
  "fields": {
    "payment_number": "PAY-2025-57499",
    "client": 4,
    "amount": "100.00",
    "payment_method": "bank_transfer",
    "payment_date": "2025-05-22",
    "reference_number": null,
    "notes": "",
    "created_at": "2025-05-22T20:44:48.492Z",
    "updated_at": "2025-05-22T20:44:48.506Z"
  }
},
{
  "model": "core.payment",
  "pk": 44,
  "fields": {
    "payment_number": "PAY-2025-99723",
    "client": 4,
    "amount": "2087.00",
    "payment_method": "bank_transfer",
    "payment_date": "2025-05-22",
    "reference_number": null,
    "notes": "",
    "created_at": "2025-05-22T20:45:36.631Z",
    "updated_at": "2025-05-22T20:45:36.645Z"
  }
},
{
  "model": "core.payment",
  "pk": 45,
  "fields": {
    "payment_number": "PAY-2025-69017",
    "client": 4,
    "amount": "0.45",
    "payment_method": "bank_transfer",
    "payment_date": "2025-05-22",
    "reference_number": null,
    "notes": "",
    "created_at": "2025-05-22T20:46:50.536Z",
    "updated_at": "2025-05-22T20:46:50.542Z"
  }
},
{
  "model": "core.payment",
  "pk": 46,
  "fields": {
    "payment_number": "PAY-2025-36651",
    "client": 1,
    "amount": "500.00",
    "payment_method": "cash",
    "payment_date": "2025-05-23",
    "reference_number": null,
    "notes": "",
    "created_at": "2025-05-22T21:04:58.723Z",
    "updated_at": "2025-05-22T21:04:58.738Z"
  }
},
{
  "model": "core.payment",
  "pk": 47,
  "fields": {
    "payment_number": "PAY-2025-85626",
    "client": 4,
    "amount": "300.00",
    "payment_method": "cash",
    "payment_date": "2025-05-23",
    "reference_number": null,
    "notes": "",
    "created_at": "2025-05-23T19:28:21.823Z",
    "updated_at": "2025-05-23T19:28:21.830Z"
  }
},
{
  "model": "core.paymentdetail",
  "pk": 1,
  "fields": {
    "payment": 1,
    "invoice": 8,
    "amount": "969.24",
    "created_at": "2025-05-12T20:50:57.639Z"
  }
},
{
  "model": "core.paymentdetail",
  "pk": 2,
  "fields": {
    "payment": 1,
    "invoice": 2,
    "amount": "1422.67",
    "created_at": "2025-05-12T20:50:57.656Z"
  }
},
{
  "model": "core.paymentdetail",
  "pk": 3,
  "fields": {
    "payment": 1,
    "invoice": 3,
    "amount": "3208.09",
    "created_at": "2025-05-12T20:50:57.668Z"
  }
},
{
  "model": "core.paymentdetail",
  "pk": 4,
  "fields": {
    "payment": 2,
    "invoice": 9,
    "amount": "93.47",
    "created_at": "2025-05-12T20:50:57.675Z"
  }
},
{
  "model": "core.paymentdetail",
  "pk": 5,
  "fields": {
    "payment": 2,
    "invoice": 4,
    "amount": "2006.53",
    "created_at": "2025-05-12T20:50:57.686Z"
  }
},
{
  "model": "core.paymentdetail",
  "pk": 6,
  "fields": {
    "payment": 3,
    "invoice": 19,
    "amount": "344.77",
    "created_at": "2025-05-12T20:50:57.693Z"
  }
},
{
  "model": "core.paymentdetail",
  "pk": 7,
  "fields": {
    "payment": 3,
    "invoice": 8,
    "amount": "1269.17",
    "created_at": "2025-05-12T20:50:57.702Z"
  }
},
{
  "model": "core.paymentdetail",
  "pk": 8,
  "fields": {
    "payment": 3,
    "invoice": 16,
    "amount": "3386.06",
    "created_at": "2025-05-12T20:50:57.708Z"
  }
},
{
  "model": "core.paymentdetail",
  "pk": 9,
  "fields": {
    "payment": 4,
    "invoice": 9,
    "amount": "70.48",
    "created_at": "2025-05-12T20:50:57.720Z"
  }
},
{
  "model": "core.paymentdetail",
  "pk": 10,
  "fields": {
    "payment": 4,
    "invoice": 5,
    "amount": "929.52",
    "created_at": "2025-05-12T20:50:57.726Z"
  }
},
{
  "model": "core.paymentdetail",
  "pk": 11,
  "fields": {
    "payment": 5,
    "invoice": 19,
    "amount": "332.19",
    "created_at": "2025-05-12T20:50:57.737Z"
  }
},
{
  "model": "core.paymentdetail",
  "pk": 12,
  "fields": {
    "payment": 5,
    "invoice": 10,
    "amount": "1837.77",
    "created_at": "2025-05-12T20:50:57.742Z"
  }
},
{
  "model": "core.paymentdetail",
  "pk": 13,
  "fields": {
    "payment": 5,
    "invoice": 14,
    "amount": "1830.04",
    "created_at": "2025-05-12T20:50:57.747Z"
  }
},
{
  "model": "core.paymentdetail",
  "pk": 14,
  "fields": {
    "payment": 6,
    "invoice": 15,
    "amount": "158.97",
    "created_at": "2025-05-12T20:50:57.760Z"
  }
},
{
  "model": "core.paymentdetail",
  "pk": 15,
  "fields": {
    "payment": 6,
    "invoice": 20,
    "amount": "521.03",
    "created_at": "2025-05-12T20:50:57.766Z"
  }
},
{
  "model": "core.paymentdetail",
  "pk": 16,
  "fields": {
    "payment": 7,
    "invoice": 7,
    "amount": "311.68",
    "created_at": "2025-05-12T20:50:57.773Z"
  }
},
{
  "model": "core.paymentdetail",
  "pk": 17,
  "fields": {
    "payment": 8,
    "invoice": 6,
    "amount": "361.60",
    "created_at": "2025-05-12T20:50:57.781Z"
  }
},
{
  "model": "core.paymentdetail",
  "pk": 18,
  "fields": {
    "payment": 8,
    "invoice": 7,
    "amount": "366.17",
    "created_at": "2025-05-12T20:50:57.786Z"
  }
},
{
  "model": "core.paymentdetail",
  "pk": 19,
  "fields": {
    "payment": 8,
    "invoice": 12,
    "amount": "572.23",
    "created_at": "2025-05-12T20:50:57.791Z"
  }
},
{
  "model": "core.paymentdetail",
  "pk": 20,
  "fields": {
    "payment": 9,
    "invoice": 13,
    "amount": "400.00",
    "created_at": "2025-05-12T20:50:57.797Z"
  }
},
{
  "model": "core.paymentdetail",
  "pk": 21,
  "fields": {
    "payment": 10,
    "invoice": 6,
    "amount": "473.52",
    "created_at": "2025-05-12T20:50:57.804Z"
  }
},
{
  "model": "core.paymentdetail",
  "pk": 22,
  "fields": {
    "payment": 10,
    "invoice": 15,
    "amount": "456.48",
    "created_at": "2025-05-12T20:50:57.808Z"
  }
},
{
  "model": "core.paymentdetail",
  "pk": 23,
  "fields": {
    "payment": 11,
    "invoice": 17,
    "amount": "68.64",
    "created_at": "2025-05-12T20:50:57.817Z"
  }
},
{
  "model": "core.paymentdetail",
  "pk": 24,
  "fields": {
    "payment": 11,
    "invoice": 2,
    "amount": "1167.52",
    "created_at": "2025-05-12T20:50:57.823Z"
  }
},
{
  "model": "core.paymentdetail",
  "pk": 25,
  "fields": {
    "payment": 11,
    "invoice": 10,
    "amount": "64.23",
    "created_at": "2025-05-12T20:50:57.828Z"
  }
},
{
  "model": "core.paymentdetail",
  "pk": 26,
  "fields": {
    "payment": 12,
    "invoice": 10,
    "amount": "2000.00",
    "created_at": "2025-05-12T20:50:57.837Z"
  }
},
{
  "model": "core.paymentdetail",
  "pk": 27,
  "fields": {
    "payment": 13,
    "invoice": 22,
    "amount": "100.00",
    "created_at": "2025-05-12T21:27:08.700Z"
  }
},
{
  "model": "core.paymentdetail",
  "pk": 28,
  "fields": {
    "payment": 14,
    "invoice": 17,
    "amount": "31.36",
    "created_at": "2025-05-12T21:28:13.814Z"
  }
},
{
  "model": "core.paymentdetail",
  "pk": 29,
  "fields": {
    "payment": 15,
    "invoice": 56,
    "amount": "450.00",
    "created_at": "2025-05-12T22:56:53.440Z"
  }
},
{
  "model": "core.paymentdetail",
  "pk": 30,
  "fields": {
    "payment": 16,
    "invoice": 41,
    "amount": "353.72",
    "created_at": "2025-05-12T22:56:53.477Z"
  }
},
{
  "model": "core.paymentdetail",
  "pk": 31,
  "fields": {
    "payment": 16,
    "invoice": 60,
    "amount": "140.06",
    "created_at": "2025-05-12T22:56:53.485Z"
  }
},
{
  "model": "core.paymentdetail",
  "pk": 32,
  "fields": {
    "payment": 16,
    "invoice": 40,
    "amount": "356.22",
    "created_at": "2025-05-12T22:56:53.560Z"
  }
},
{
  "model": "core.paymentdetail",
  "pk": 33,
  "fields": {
    "payment": 17,
    "invoice": 36,
    "amount": "150.00",
    "created_at": "2025-05-12T22:56:53.637Z"
  }
},
{
  "model": "core.paymentdetail",
  "pk": 34,
  "fields": {
    "payment": 18,
    "invoice": 43,
    "amount": "454.73",
    "created_at": "2025-05-12T22:56:53.661Z"
  }
},
{
  "model": "core.paymentdetail",
  "pk": 35,
  "fields": {
    "payment": 18,
    "invoice": 28,
    "amount": "310.67",
    "created_at": "2025-05-12T22:56:53.675Z"
  }
},
{
  "model": "core.paymentdetail",
  "pk": 36,
  "fields": {
    "payment": 18,
    "invoice": 59,
    "amount": "834.60",
    "created_at": "2025-05-12T22:56:53.691Z"
  }
},
{
  "model": "core.paymentdetail",
  "pk": 37,
  "fields": {
    "payment": 19,
    "invoice": 34,
    "amount": "238.79",
    "created_at": "2025-05-12T22:56:53.710Z"
  }
},
{
  "model": "core.paymentdetail",
  "pk": 38,
  "fields": {
    "payment": 19,
    "invoice": 60,
    "amount": "165.07",
    "created_at": "2025-05-12T22:56:53.728Z"
  }
},
{
  "model": "core.paymentdetail",
  "pk": 39,
  "fields": {
    "payment": 19,
    "invoice": 57,
    "amount": "446.14",
    "created_at": "2025-05-12T22:56:53.745Z"
  }
},
{
  "model": "core.paymentdetail",
  "pk": 40,
  "fields": {
    "payment": 20,
    "invoice": 26,
    "amount": "185.01",
    "created_at": "2025-05-12T22:56:53.770Z"
  }
},
{
  "model": "core.paymentdetail",
  "pk": 41,
  "fields": {
    "payment": 20,
    "invoice": 46,
    "amount": "214.99",
    "created_at": "2025-05-12T22:56:53.783Z"
  }
},
{
  "model": "core.paymentdetail",
  "pk": 42,
  "fields": {
    "payment": 21,
    "invoice": 62,
    "amount": "517.54",
    "created_at": "2025-05-12T22:56:53.830Z"
  }
},
{
  "model": "core.paymentdetail",
  "pk": 43,
  "fields": {
    "payment": 21,
    "invoice": 27,
    "amount": "138.77",
    "created_at": "2025-05-12T22:56:53.856Z"
  }
},
{
  "model": "core.paymentdetail",
  "pk": 44,
  "fields": {
    "payment": 21,
    "invoice": 33,
    "amount": "593.69",
    "created_at": "2025-05-12T22:56:53.861Z"
  }
},
{
  "model": "core.paymentdetail",
  "pk": 45,
  "fields": {
    "payment": 22,
    "invoice": 48,
    "amount": "136.60",
    "created_at": "2025-05-12T22:56:53.880Z"
  }
},
{
  "model": "core.paymentdetail",
  "pk": 46,
  "fields": {
    "payment": 22,
    "invoice": 54,
    "amount": "263.40",
    "created_at": "2025-05-12T22:56:53.906Z"
  }
},
{
  "model": "core.paymentdetail",
  "pk": 47,
  "fields": {
    "payment": 23,
    "invoice": 31,
    "amount": "371.10",
    "created_at": "2025-05-12T22:56:53.914Z"
  }
},
{
  "model": "core.paymentdetail",
  "pk": 48,
  "fields": {
    "payment": 23,
    "invoice": 37,
    "amount": "457.04",
    "created_at": "2025-05-12T22:56:53.926Z"
  }
},
{
  "model": "core.paymentdetail",
  "pk": 49,
  "fields": {
    "payment": 23,
    "invoice": 35,
    "amount": "671.86",
    "created_at": "2025-05-12T22:56:53.936Z"
  }
},
{
  "model": "core.paymentdetail",
  "pk": 50,
  "fields": {
    "payment": 24,
    "invoice": 49,
    "amount": "179.67",
    "created_at": "2025-05-12T22:56:53.944Z"
  }
},
{
  "model": "core.paymentdetail",
  "pk": 51,
  "fields": {
    "payment": 24,
    "invoice": 34,
    "amount": "198.97",
    "created_at": "2025-05-12T22:56:53.954Z"
  }
},
{
  "model": "core.paymentdetail",
  "pk": 52,
  "fields": {
    "payment": 25,
    "invoice": 39,
    "amount": "310.04",
    "created_at": "2025-05-12T22:56:53.966Z"
  }
},
{
  "model": "core.paymentdetail",
  "pk": 53,
  "fields": {
    "payment": 26,
    "invoice": 30,
    "amount": "78.36",
    "created_at": "2025-05-12T22:56:53.978Z"
  }
},
{
  "model": "core.paymentdetail",
  "pk": 54,
  "fields": {
    "payment": 27,
    "invoice": 27,
    "amount": "90.43",
    "created_at": "2025-05-12T22:56:53.992Z"
  }
},
{
  "model": "core.paymentdetail",
  "pk": 55,
  "fields": {
    "payment": 27,
    "invoice": 52,
    "amount": "194.45",
    "created_at": "2025-05-12T22:56:53.999Z"
  }
},
{
  "model": "core.paymentdetail",
  "pk": 56,
  "fields": {
    "payment": 27,
    "invoice": 50,
    "amount": "35.92",
    "created_at": "2025-05-12T22:56:54.012Z"
  }
},
{
  "model": "core.paymentdetail",
  "pk": 57,
  "fields": {
    "payment": 28,
    "invoice": 23,
    "amount": "62.55",
    "created_at": "2025-05-12T22:56:54.022Z"
  }
},
{
  "model": "core.paymentdetail",
  "pk": 58,
  "fields": {
    "payment": 29,
    "invoice": 53,
    "amount": "600.00",
    "created_at": "2025-05-12T22:56:54.052Z"
  }
},
{
  "model": "core.paymentdetail",
  "pk": 59,
  "fields": {
    "payment": 30,
    "invoice": 38,
    "amount": "550.00",
    "created_at": "2025-05-12T22:56:54.063Z"
  }
},
{
  "model": "core.paymentdetail",
  "pk": 60,
  "fields": {
    "payment": 31,
    "invoice": 55,
    "amount": "118.85",
    "created_at": "2025-05-12T22:56:54.087Z"
  }
},
{
  "model": "core.paymentdetail",
  "pk": 61,
  "fields": {
    "payment": 31,
    "invoice": 23,
    "amount": "181.15",
    "created_at": "2025-05-12T22:56:54.093Z"
  }
},
{
  "model": "core.paymentdetail",
  "pk": 62,
  "fields": {
    "payment": 32,
    "invoice": 25,
    "amount": "172.06",
    "created_at": "2025-05-12T22:56:54.109Z"
  }
},
{
  "model": "core.paymentdetail",
  "pk": 63,
  "fields": {
    "payment": 32,
    "invoice": 41,
    "amount": "477.94",
    "created_at": "2025-05-12T22:56:54.122Z"
  }
},
{
  "model": "core.paymentdetail",
  "pk": 64,
  "fields": {
    "payment": 33,
    "invoice": 34,
    "amount": "287.97",
    "created_at": "2025-05-12T22:56:54.139Z"
  }
},
{
  "model": "core.paymentdetail",
  "pk": 65,
  "fields": {
    "payment": 33,
    "invoice": 25,
    "amount": "362.03",
    "created_at": "2025-05-12T22:56:54.261Z"
  }
},
{
  "model": "core.paymentdetail",
  "pk": 66,
  "fields": {
    "payment": 34,
    "invoice": 39,
    "amount": "332.38",
    "created_at": "2025-05-12T22:56:54.355Z"
  }
},
{
  "model": "core.paymentdetail",
  "pk": 67,
  "fields": {
    "payment": 34,
    "invoice": 31,
    "amount": "667.62",
    "created_at": "2025-05-12T22:56:54.381Z"
  }
},
{
  "model": "core.paymentdetail",
  "pk": 68,
  "fields": {
    "payment": 35,
    "invoice": 49,
    "amount": "200.00",
    "created_at": "2025-05-12T22:56:54.484Z"
  }
},
{
  "model": "core.paymentdetail",
  "pk": 69,
  "fields": {
    "payment": 36,
    "invoice": 37,
    "amount": "330.09",
    "created_at": "2025-05-12T22:56:54.517Z"
  }
},
{
  "model": "core.paymentdetail",
  "pk": 70,
  "fields": {
    "payment": 36,
    "invoice": 43,
    "amount": "769.91",
    "created_at": "2025-05-12T22:56:54.531Z"
  }
},
{
  "model": "core.paymentdetail",
  "pk": 71,
  "fields": {
    "payment": 37,
    "invoice": 51,
    "amount": "150.00",
    "created_at": "2025-05-12T22:56:54.561Z"
  }
},
{
  "model": "core.paymentdetail",
  "pk": 72,
  "fields": {
    "payment": 38,
    "invoice": 30,
    "amount": "85.85",
    "created_at": "2025-05-12T22:56:54.595Z"
  }
},
{
  "model": "core.paymentdetail",
  "pk": 73,
  "fields": {
    "payment": 38,
    "invoice": 62,
    "amount": "339.64",
    "created_at": "2025-05-12T22:56:54.612Z"
  }
},
{
  "model": "core.paymentdetail",
  "pk": 74,
  "fields": {
    "payment": 38,
    "invoice": 47,
    "amount": "24.14",
    "created_at": "2025-05-12T22:56:54.624Z"
  }
},
{
  "model": "core.paymentdetail",
  "pk": 75,
  "fields": {
    "payment": 46,
    "invoice": 28,
    "amount": "189.33",
    "created_at": "2025-05-22T21:04:58.761Z"
  }
},
{
  "model": "core.paymentdetail",
  "pk": 76,
  "fields": {
    "payment": 46,
    "invoice": 63,
    "amount": "310.67",
    "created_at": "2025-05-22T21:04:58.784Z"
  }
},
{
  "model": "core.paymentdetail",
  "pk": 77,
  "fields": {
    "payment": 47,
    "invoice": 55,
    "amount": "31.15",
    "created_at": "2025-05-23T19:28:33.577Z"
  }
},
{
  "model": "core.paymentdetail",
  "pk": 78,
  "fields": {
    "payment": 47,
    "invoice": 29,
    "amount": "150.00",
    "created_at": "2025-05-23T19:28:33.586Z"
  }
},
{
  "model": "core.paymentdetail",
  "pk": 79,
  "fields": {
    "payment": 47,
    "invoice": 24,
    "amount": "118.85",
    "created_at": "2025-05-23T19:28:33.596Z"
  }
},
{
  "model": "core.systemsettings",
  "pk": 1,
  "fields": {
    "key": "site_name",
    "value": "نظام إدارة الإجازات المرضية",
    "setting_type": "general",
    "description": "",
    "is_active": true,
    "created_at": "2025-05-23T21:49:58.113Z",
    "updated_at": "2025-05-23T21:49:58.113Z"
  }
},
{
  "model": "core.systemsettings",
  "pk": 2,
  "fields": {
    "key": "site_description",
    "value": "نظام شامل لإدارة الإجازات المرضية وإجازات المرافقين",
    "setting_type": "general",
    "description": "",
    "is_active": true,
    "created_at": "2025-05-23T21:49:58.128Z",
    "updated_at": "2025-05-23T21:49:58.128Z"
  }
},
{
  "model": "core.systemsettings",
  "pk": 3,
  "fields": {
    "key": "default_language",
    "value": "ar",
    "setting_type": "general",
    "description": "",
    "is_active": true,
    "created_at": "2025-05-23T21:49:58.213Z",
    "updated_at": "2025-05-23T21:49:58.213Z"
  }
},
{
  "model": "core.systemsettings",
  "pk": 4,
  "fields": {
    "key": "timezone",
    "value": "Asia/Riyadh",
    "setting_type": "general",
    "description": "",
    "is_active": true,
    "created_at": "2025-05-23T21:49:58.468Z",
    "updated_at": "2025-05-23T21:49:58.468Z"
  }
},
{
  "model": "core.systemsettings",
  "pk": 5,
  "fields": {
    "key": "date_format",
    "value": "Y-m-d",
    "setting_type": "general",
    "description": "",
    "is_active": true,
    "created_at": "2025-05-23T21:49:58.708Z",
    "updated_at": "2025-05-23T21:49:58.708Z"
  }
},
{
  "model": "core.systemsettings",
  "pk": 6,
  "fields": {
    "key": "time_format",
    "value": "H:i",
    "setting_type": "general",
    "description": "",
    "is_active": true,
    "created_at": "2025-05-23T21:49:58.874Z",
    "updated_at": "2025-05-23T21:49:58.874Z"
  }
},
{
  "model": "core.systemsettings",
  "pk": 7,
  "fields": {
    "key": "items_per_page",
    "value": "25",
    "setting_type": "general",
    "description": "",
    "is_active": true,
    "created_at": "2025-05-23T21:49:59.054Z",
    "updated_at": "2025-05-23T21:49:59.054Z"
  }
},
{
  "model": "core.systemsettings",
  "pk": 8,
  "fields": {
    "key": "company_name",
    "value": "مستوصف سعد صالح البديوي",
    "setting_type": "company",
    "description": "",
    "is_active": true,
    "created_at": "2025-05-23T21:49:59.229Z",
    "updated_at": "2025-05-23T21:49:59.229Z"
  }
},
{
  "model": "core.systemsettings",
  "pk": 9,
  "fields": {
    "key": "company_address",
    "value": "الرياض، المملكة العربية السعودية",
    "setting_type": "company",
    "description": "",
    "is_active": true,
    "created_at": "2025-05-23T21:49:59.242Z",
    "updated_at": "2025-05-23T21:49:59.242Z"
  }
},
{
  "model": "core.systemsettings",
  "pk": 10,
  "fields": {
    "key": "company_phone",
    "value": "011-1234567",
    "setting_type": "company",
    "description": "",
    "is_active": true,
    "created_at": "2025-05-23T21:49:59.251Z",
    "updated_at": "2025-05-23T21:49:59.251Z"
  }
},
{
  "model": "core.systemsettings",
  "pk": 11,
  "fields": {
    "key": "company_email",
    "value": "info@clinic.com",
    "setting_type": "company",
    "description": "",
    "is_active": true,
    "created_at": "2025-05-23T21:49:59.259Z",
    "updated_at": "2025-05-23T21:49:59.259Z"
  }
},
{
  "model": "core.systemsettings",
  "pk": 12,
  "fields": {
    "key": "company_website",
    "value": "www.clinic.com",
    "setting_type": "company",
    "description": "",
    "is_active": true,
    "created_at": "2025-05-23T21:49:59.268Z",
    "updated_at": "2025-05-23T21:49:59.268Z"
  }
},
{
  "model": "core.systemsettings",
  "pk": 13,
  "fields": {
    "key": "company_logo",
    "value": "",
    "setting_type": "company",
    "description": "",
    "is_active": true,
    "created_at": "2025-05-23T21:49:59.283Z",
    "updated_at": "2025-05-23T21:49:59.283Z"
  }
},
{
  "model": "core.systemsettings",
  "pk": 14,
  "fields": {
    "key": "license_number",
    "value": "",
    "setting_type": "company",
    "description": "",
    "is_active": true,
    "created_at": "2025-05-23T21:49:59.303Z",
    "updated_at": "2025-05-23T21:49:59.303Z"
  }
},
{
  "model": "core.systemsettings",
  "pk": 15,
  "fields": {
    "key": "default_report_format",
    "value": "pdf",
    "setting_type": "reports",
    "description": "",
    "is_active": true,
    "created_at": "2025-05-23T21:49:59.361Z",
    "updated_at": "2025-05-23T21:49:59.361Z"
  }
},
{
  "model": "core.systemsettings",
  "pk": 16,
  "fields": {
    "key": "include_logo_in_reports",
    "value": "true",
    "setting_type": "reports",
    "description": "",
    "is_active": true,
    "created_at": "2025-05-23T21:49:59.568Z",
    "updated_at": "2025-05-23T21:49:59.568Z"
  }
},
{
  "model": "core.systemsettings",
  "pk": 17,
  "fields": {
    "key": "report_footer_text",
    "value": "تم إنشاء هذا التقرير بواسطة نظام إدارة الإجازات المرضية",
    "setting_type": "reports",
    "description": "",
    "is_active": true,
    "created_at": "2025-05-23T21:49:59.721Z",
    "updated_at": "2025-05-23T21:49:59.721Z"
  }
},
{
  "model": "core.systemsettings",
  "pk": 18,
  "fields": {
    "key": "auto_generate_reports",
    "value": "false",
    "setting_type": "reports",
    "description": "",
    "is_active": true,
    "created_at": "2025-05-23T21:49:59.739Z",
    "updated_at": "2025-05-23T21:49:59.739Z"
  }
},
{
  "model": "core.systemsettings",
  "pk": 19,
  "fields": {
    "key": "auto_backup_enabled",
    "value": "true",
    "setting_type": "backup",
    "description": "",
    "is_active": true,
    "created_at": "2025-05-23T21:49:59.750Z",
    "updated_at": "2025-05-23T21:49:59.750Z"
  }
},
{
  "model": "core.systemsettings",
  "pk": 20,
  "fields": {
    "key": "backup_frequency",
    "value": "daily",
    "setting_type": "backup",
    "description": "",
    "is_active": true,
    "created_at": "2025-05-23T21:49:59.760Z",
    "updated_at": "2025-05-23T21:49:59.760Z"
  }
},
{
  "model": "core.systemsettings",
  "pk": 21,
  "fields": {
    "key": "backup_time",
    "value": "02:00",
    "setting_type": "backup",
    "description": "",
    "is_active": true,
    "created_at": "2025-05-23T21:49:59.768Z",
    "updated_at": "2025-05-23T21:49:59.768Z"
  }
},
{
  "model": "core.systemsettings",
  "pk": 22,
  "fields": {
    "key": "keep_backup_count",
    "value": "7",
    "setting_type": "backup",
    "description": "",
    "is_active": true,
    "created_at": "2025-05-23T21:49:59.778Z",
    "updated_at": "2025-05-23T21:49:59.778Z"
  }
},
{
  "model": "core.systemsettings",
  "pk": 23,
  "fields": {
    "key": "backup_location",
    "value": "backups/",
    "setting_type": "backup",
    "description": "",
    "is_active": true,
    "created_at": "2025-05-23T21:49:59.784Z",
    "updated_at": "2025-05-23T21:49:59.784Z"
  }
},
{
  "model": "core.systemsettings",
  "pk": 24,
  "fields": {
    "key": "compress_backups",
    "value": "true",
    "setting_type": "backup",
    "description": "",
    "is_active": true,
    "created_at": "2025-05-23T21:49:59.791Z",
    "updated_at": "2025-05-23T21:49:59.791Z"
  }
},
{
  "model": "core.systemsettings",
  "pk": 25,
  "fields": {
    "key": "email_notifications_enabled",
    "value": "true",
    "setting_type": "notifications",
    "description": "",
    "is_active": true,
    "created_at": "2025-05-23T21:49:59.799Z",
    "updated_at": "2025-05-23T21:49:59.799Z"
  }
},
{
  "model": "core.systemsettings",
  "pk": 26,
  "fields": {
    "key": "sms_notifications_enabled",
    "value": "false",
    "setting_type": "notifications",
    "description": "",
    "is_active": true,
    "created_at": "2025-05-23T21:49:59.804Z",
    "updated_at": "2025-05-23T21:49:59.804Z"
  }
},
{
  "model": "core.systemsettings",
  "pk": 27,
  "fields": {
    "key": "notification_email",
    "value": "admin@clinic.com",
    "setting_type": "notifications",
    "description": "",
    "is_active": true,
    "created_at": "2025-05-23T21:49:59.810Z",
    "updated_at": "2025-05-23T21:49:59.810Z"
  }
},
{
  "model": "core.systemsettings",
  "pk": 28,
  "fields": {
    "key": "smtp_host",
    "value": "",
    "setting_type": "notifications",
    "description": "",
    "is_active": true,
    "created_at": "2025-05-23T21:49:59.814Z",
    "updated_at": "2025-05-23T21:49:59.814Z"
  }
},
{
  "model": "core.systemsettings",
  "pk": 29,
  "fields": {
    "key": "smtp_port",
    "value": "587",
    "setting_type": "notifications",
    "description": "",
    "is_active": true,
    "created_at": "2025-05-23T21:49:59.818Z",
    "updated_at": "2025-05-23T21:49:59.818Z"
  }
},
{
  "model": "core.systemsettings",
  "pk": 30,
  "fields": {
    "key": "smtp_username",
    "value": "",
    "setting_type": "notifications",
    "description": "",
    "is_active": true,
    "created_at": "2025-05-23T21:49:59.822Z",
    "updated_at": "2025-05-23T21:49:59.822Z"
  }
},
{
  "model": "core.systemsettings",
  "pk": 31,
  "fields": {
    "key": "smtp_password",
    "value": "",
    "setting_type": "notifications",
    "description": "",
    "is_active": true,
    "created_at": "2025-05-23T21:49:59.827Z",
    "updated_at": "2025-05-23T21:49:59.827Z"
  }
},
{
  "model": "core.systemsettings",
  "pk": 32,
  "fields": {
    "key": "smtp_use_tls",
    "value": "true",
    "setting_type": "notifications",
    "description": "",
    "is_active": true,
    "created_at": "2025-05-23T21:49:59.832Z",
    "updated_at": "2025-05-23T21:49:59.832Z"
  }
},
{
  "model": "core.systemsettings",
  "pk": 33,
  "fields": {
    "key": "password_min_length",
    "value": "8",
    "setting_type": "security",
    "description": "",
    "is_active": true,
    "created_at": "2025-05-23T21:49:59.837Z",
    "updated_at": "2025-05-23T21:49:59.837Z"
  }
},
{
  "model": "core.systemsettings",
  "pk": 34,
  "fields": {
    "key": "password_require_uppercase",
    "value": "true",
    "setting_type": "security",
    "description": "",
    "is_active": true,
    "created_at": "2025-05-23T21:49:59.841Z",
    "updated_at": "2025-05-23T21:49:59.841Z"
  }
},
{
  "model": "core.systemsettings",
  "pk": 35,
  "fields": {
    "key": "password_require_lowercase",
    "value": "true",
    "setting_type": "security",
    "description": "",
    "is_active": true,
    "created_at": "2025-05-23T21:49:59.846Z",
    "updated_at": "2025-05-23T21:49:59.846Z"
  }
},
{
  "model": "core.systemsettings",
  "pk": 36,
  "fields": {
    "key": "password_require_numbers",
    "value": "true",
    "setting_type": "security",
    "description": "",
    "is_active": true,
    "created_at": "2025-05-23T21:49:59.851Z",
    "updated_at": "2025-05-23T21:49:59.851Z"
  }
},
{
  "model": "core.systemsettings",
  "pk": 37,
  "fields": {
    "key": "password_require_symbols",
    "value": "false",
    "setting_type": "security",
    "description": "",
    "is_active": true,
    "created_at": "2025-05-23T21:49:59.854Z",
    "updated_at": "2025-05-23T21:49:59.854Z"
  }
},
{
  "model": "core.systemsettings",
  "pk": 38,
  "fields": {
    "key": "session_timeout",
    "value": "3600",
    "setting_type": "security",
    "description": "",
    "is_active": true,
    "created_at": "2025-05-23T21:49:59.860Z",
    "updated_at": "2025-05-23T21:49:59.860Z"
  }
},
{
  "model": "core.systemsettings",
  "pk": 39,
  "fields": {
    "key": "max_login_attempts",
    "value": "5",
    "setting_type": "security",
    "description": "",
    "is_active": true,
    "created_at": "2025-05-23T21:49:59.864Z",
    "updated_at": "2025-05-23T21:49:59.864Z"
  }
},
{
  "model": "core.systemsettings",
  "pk": 40,
  "fields": {
    "key": "lockout_duration",
    "value": "300",
    "setting_type": "security",
    "description": "",
    "is_active": true,
    "created_at": "2025-05-23T21:49:59.868Z",
    "updated_at": "2025-05-23T21:49:59.869Z"
  }
},
{
  "model": "core.systemsettings",
  "pk": 41,
  "fields": {
    "key": "theme_primary_color",
    "value": "#007bff",
    "setting_type": "ui",
    "description": "",
    "is_active": true,
    "created_at": "2025-05-23T22:34:46.881Z",
    "updated_at": "2025-05-23T22:34:46.882Z"
  }
},
{
  "model": "core.systemsettings",
  "pk": 42,
  "fields": {
    "key": "theme_secondary_color",
    "value": "#6c757d",
    "setting_type": "ui",
    "description": "",
    "is_active": true,
    "created_at": "2025-05-23T22:34:46.887Z",
    "updated_at": "2025-05-23T22:34:46.888Z"
  }
},
{
  "model": "core.systemsettings",
  "pk": 43,
  "fields": {
    "key": "theme_success_color",
    "value": "#28a745",
    "setting_type": "ui",
    "description": "",
    "is_active": true,
    "created_at": "2025-05-23T22:34:46.896Z",
    "updated_at": "2025-05-23T22:34:46.896Z"
  }
},
{
  "model": "core.systemsettings",
  "pk": 44,
  "fields": {
    "key": "theme_danger_color",
    "value": "#dc3545",
    "setting_type": "ui",
    "description": "",
    "is_active": true,
    "created_at": "2025-05-23T22:34:46.902Z",
    "updated_at": "2025-05-23T22:34:46.902Z"
  }
},
{
  "model": "core.systemsettings",
  "pk": 45,
  "fields": {
    "key": "theme_warning_color",
    "value": "#ffc107",
    "setting_type": "ui",
    "description": "",
    "is_active": true,
    "created_at": "2025-05-23T22:34:46.908Z",
    "updated_at": "2025-05-23T22:34:46.908Z"
  }
},
{
  "model": "core.systemsettings",
  "pk": 46,
  "fields": {
    "key": "theme_info_color",
    "value": "#17a2b8",
    "setting_type": "ui",
    "description": "",
    "is_active": true,
    "created_at": "2025-05-23T22:34:46.916Z",
    "updated_at": "2025-05-23T22:34:46.916Z"
  }
},
{
  "model": "core.systemsettings",
  "pk": 47,
  "fields": {
    "key": "theme_light_color",
    "value": "#f8f9fa",
    "setting_type": "ui",
    "description": "",
    "is_active": true,
    "created_at": "2025-05-23T22:34:46.924Z",
    "updated_at": "2025-05-23T22:34:46.924Z"
  }
},
{
  "model": "core.systemsettings",
  "pk": 48,
  "fields": {
    "key": "theme_dark_color",
    "value": "#343a40",
    "setting_type": "ui",
    "description": "",
    "is_active": true,
    "created_at": "2025-05-23T22:34:46.932Z",
    "updated_at": "2025-05-23T22:34:46.932Z"
  }
},
{
  "model": "core.systemsettings",
  "pk": 49,
  "fields": {
    "key": "font_family",
    "value": "Tajawal, sans-serif",
    "setting_type": "ui",
    "description": "",
    "is_active": true,
    "created_at": "2025-05-23T22:34:46.938Z",
    "updated_at": "2025-05-23T22:34:46.938Z"
  }
},
{
  "model": "core.systemsettings",
  "pk": 50,
  "fields": {
    "key": "font_size_base",
    "value": "14px",
    "setting_type": "ui",
    "description": "",
    "is_active": true,
    "created_at": "2025-05-23T22:34:46.948Z",
    "updated_at": "2025-05-23T22:34:46.948Z"
  }
},
{
  "model": "core.systemsettings",
  "pk": 51,
  "fields": {
    "key": "border_radius",
    "value": "10px",
    "setting_type": "ui",
    "description": "",
    "is_active": true,
    "created_at": "2025-05-23T22:34:46.955Z",
    "updated_at": "2025-05-23T22:34:46.955Z"
  }
},
{
  "model": "core.systemsettings",
  "pk": 52,
  "fields": {
    "key": "box_shadow",
    "value": "0 2px 5px rgba(0, 0, 0, 0.1)",
    "setting_type": "ui",
    "description": "",
    "is_active": true,
    "created_at": "2025-05-23T22:34:46.965Z",
    "updated_at": "2025-05-23T22:34:46.965Z"
  }
},
{
  "model": "core.systemsettings",
  "pk": 53,
  "fields": {
    "key": "navbar_brand_font_weight",
    "value": "bold",
    "setting_type": "ui",
    "description": "",
    "is_active": true,
    "created_at": "2025-05-23T22:34:46.971Z",
    "updated_at": "2025-05-23T22:34:46.971Z"
  }
},
{
  "model": "core.systemsettings",
  "pk": 54,
  "fields": {
    "key": "card_margin_bottom",
    "value": "20px",
    "setting_type": "ui",
    "description": "",
    "is_active": true,
    "created_at": "2025-05-23T22:34:46.980Z",
    "updated_at": "2025-05-23T22:34:46.980Z"
  }
},
{
  "model": "core.systemsettings",
  "pk": 55,
  "fields": {
    "key": "container_padding_mobile",
    "value": "10px",
    "setting_type": "ui",
    "description": "",
    "is_active": true,
    "created_at": "2025-05-23T22:34:46.986Z",
    "updated_at": "2025-05-23T22:34:46.986Z"
  }
},
{
  "model": "core.systemsettings",
  "pk": 56,
  "fields": {
    "key": "table_responsive_overflow",
    "value": "auto",
    "setting_type": "ui",
    "description": "",
    "is_active": true,
    "created_at": "2025-05-23T22:34:46.994Z",
    "updated_at": "2025-05-23T22:34:46.994Z"
  }
},
{
  "model": "core.systemsettings",
  "pk": 57,
  "fields": {
    "key": "max_file_size_mb",
    "value": "10",
    "setting_type": "files",
    "description": "",
    "is_active": true,
    "created_at": "2025-05-23T22:34:47.001Z",
    "updated_at": "2025-05-23T22:34:47.001Z"
  }
},
{
  "model": "core.systemsettings",
  "pk": 58,
  "fields": {
    "key": "allowed_image_formats",
    "value": "png,jpg,jpeg,gif",
    "setting_type": "files",
    "description": "",
    "is_active": true,
    "created_at": "2025-05-23T22:34:47.010Z",
    "updated_at": "2025-05-23T22:34:47.010Z"
  }
},
{
  "model": "core.systemsettings",
  "pk": 59,
  "fields": {
    "key": "allowed_document_formats",
    "value": "pdf,doc,docx,xls,xlsx",
    "setting_type": "files",
    "description": "",
    "is_active": true,
    "created_at": "2025-05-23T22:34:47.016Z",
    "updated_at": "2025-05-23T22:34:47.016Z"
  }
},
{
  "model": "core.systemsettings",
  "pk": 60,
  "fields": {
    "key": "upload_path_avatars",
    "value": "avatars/",
    "setting_type": "files",
    "description": "",
    "is_active": true,
    "created_at": "2025-05-23T22:34:47.022Z",
    "updated_at": "2025-05-23T22:34:47.022Z"
  }
},
{
  "model": "core.systemsettings",
  "pk": 61,
  "fields": {
    "key": "upload_path_logos",
    "value": "logos/",
    "setting_type": "files",
    "description": "",
    "is_active": true,
    "created_at": "2025-05-23T22:34:47.030Z",
    "updated_at": "2025-05-23T22:34:47.030Z"
  }
},
{
  "model": "core.systemsettings",
  "pk": 62,
  "fields": {
    "key": "upload_path_documents",
    "value": "documents/",
    "setting_type": "files",
    "description": "",
    "is_active": true,
    "created_at": "2025-05-23T22:34:47.037Z",
    "updated_at": "2025-05-23T22:34:47.037Z"
  }
},
{
  "model": "core.systemsettings",
  "pk": 63,
  "fields": {
    "key": "upload_path_backups",
    "value": "backups/",
    "setting_type": "files",
    "description": "",
    "is_active": true,
    "created_at": "2025-05-23T22:34:47.045Z",
    "updated_at": "2025-05-23T22:34:47.045Z"
  }
},
{
  "model": "core.systemsettings",
  "pk": 64,
  "fields": {
    "key": "image_max_width",
    "value": "1920",
    "setting_type": "files",
    "description": "",
    "is_active": true,
    "created_at": "2025-05-23T22:34:47.052Z",
    "updated_at": "2025-05-23T22:34:47.052Z"
  }
},
{
  "model": "core.systemsettings",
  "pk": 65,
  "fields": {
    "key": "image_max_height",
    "value": "1080",
    "setting_type": "files",
    "description": "",
    "is_active": true,
    "created_at": "2025-05-23T22:34:47.061Z",
    "updated_at": "2025-05-23T22:34:47.061Z"
  }
},
{
  "model": "core.systemsettings",
  "pk": 66,
  "fields": {
    "key": "thumbnail_size",
    "value": "150x150",
    "setting_type": "files",
    "description": "",
    "is_active": true,
    "created_at": "2025-05-23T22:34:47.067Z",
    "updated_at": "2025-05-23T22:34:47.067Z"
  }
},
{
  "model": "core.systemsettings",
  "pk": 67,
  "fields": {
    "key": "default_page_size",
    "value": "25",
    "setting_type": "pagination",
    "description": "",
    "is_active": true,
    "created_at": "2025-05-23T22:34:47.075Z",
    "updated_at": "2025-05-23T22:34:47.075Z"
  }
},
{
  "model": "core.systemsettings",
  "pk": 68,
  "fields": {
    "key": "max_page_size",
    "value": "100",
    "setting_type": "pagination",
    "description": "",
    "is_active": true,
    "created_at": "2025-05-23T22:34:47.082Z",
    "updated_at": "2025-05-23T22:34:47.082Z"
  }
},
{
  "model": "core.systemsettings",
  "pk": 69,
  "fields": {
    "key": "page_size_options",
    "value": "10,25,50,100",
    "setting_type": "pagination",
    "description": "",
    "is_active": true,
    "created_at": "2025-05-23T22:34:47.089Z",
    "updated_at": "2025-05-23T22:34:47.089Z"
  }
},
{
  "model": "core.systemsettings",
  "pk": 70,
  "fields": {
    "key": "show_page_info",
    "value": "true",
    "setting_type": "pagination",
    "description": "",
    "is_active": true,
    "created_at": "2025-05-23T22:34:47.098Z",
    "updated_at": "2025-05-23T22:34:47.098Z"
  }
},
{
  "model": "core.systemsettings",
  "pk": 71,
  "fields": {
    "key": "show_total_count",
    "value": "true",
    "setting_type": "pagination",
    "description": "",
    "is_active": true,
    "created_at": "2025-05-23T22:34:47.104Z",
    "updated_at": "2025-05-23T22:34:47.104Z"
  }
},
{
  "model": "core.systemsettings",
  "pk": 72,
  "fields": {
    "key": "phone_regex",
    "value": "^(05|5)[0-9]{8}$",
    "setting_type": "validation",
    "description": "",
    "is_active": true,
    "created_at": "2025-05-23T22:34:47.112Z",
    "updated_at": "2025-05-23T22:34:47.112Z"
  }
},
{
  "model": "core.systemsettings",
  "pk": 73,
  "fields": {
    "key": "national_id_regex",
    "value": "^[12][0-9]{9}$",
    "setting_type": "validation",
    "description": "",
    "is_active": true,
    "created_at": "2025-05-23T22:34:47.118Z",
    "updated_at": "2025-05-23T22:34:47.118Z"
  }
},
{
  "model": "core.systemsettings",
  "pk": 74,
  "fields": {
    "key": "email_required",
    "value": "true",
    "setting_type": "validation",
    "description": "",
    "is_active": true,
    "created_at": "2025-05-23T22:34:47.126Z",
    "updated_at": "2025-05-23T22:34:47.126Z"
  }
},
{
  "model": "core.systemsettings",
  "pk": 75,
  "fields": {
    "key": "phone_required",
    "value": "true",
    "setting_type": "validation",
    "description": "",
    "is_active": true,
    "created_at": "2025-05-23T22:34:47.133Z",
    "updated_at": "2025-05-23T22:34:47.134Z"
  }
},
{
  "model": "core.systemsettings",
  "pk": 76,
  "fields": {
    "key": "address_max_length",
    "value": "500",
    "setting_type": "validation",
    "description": "",
    "is_active": true,
    "created_at": "2025-05-23T22:34:47.140Z",
    "updated_at": "2025-05-23T22:34:47.140Z"
  }
},
{
  "model": "core.systemsettings",
  "pk": 77,
  "fields": {
    "key": "name_max_length",
    "value": "100",
    "setting_type": "validation",
    "description": "",
    "is_active": true,
    "created_at": "2025-05-23T22:34:47.148Z",
    "updated_at": "2025-05-23T22:34:47.148Z"
  }
},
{
  "model": "core.systemsettings",
  "pk": 78,
  "fields": {
    "key": "description_max_length",
    "value": "1000",
    "setting_type": "validation",
    "description": "",
    "is_active": true,
    "created_at": "2025-05-23T22:34:47.155Z",
    "updated_at": "2025-05-23T22:34:47.155Z"
  }
},
{
  "model": "core.systemsettings",
  "pk": 79,
  "fields": {
    "key": "default_paper_size",
    "value": "A4",
    "setting_type": "print",
    "description": "",
    "is_active": true,
    "created_at": "2025-05-23T22:34:47.163Z",
    "updated_at": "2025-05-23T22:34:47.163Z"
  }
},
{
  "model": "core.systemsettings",
  "pk": 80,
  "fields": {
    "key": "default_orientation",
    "value": "portrait",
    "setting_type": "print",
    "description": "",
    "is_active": true,
    "created_at": "2025-05-23T22:34:47.170Z",
    "updated_at": "2025-05-23T22:34:47.170Z"
  }
},
{
  "model": "core.systemsettings",
  "pk": 81,
  "fields": {
    "key": "margin_top",
    "value": "2cm",
    "setting_type": "print",
    "description": "",
    "is_active": true,
    "created_at": "2025-05-23T22:34:47.183Z",
    "updated_at": "2025-05-23T22:34:47.183Z"
  }
},
{
  "model": "core.systemsettings",
  "pk": 82,
  "fields": {
    "key": "margin_bottom",
    "value": "2cm",
    "setting_type": "print",
    "description": "",
    "is_active": true,
    "created_at": "2025-05-23T22:34:47.205Z",
    "updated_at": "2025-05-23T22:34:47.205Z"
  }
},
{
  "model": "core.systemsettings",
  "pk": 83,
  "fields": {
    "key": "margin_left",
    "value": "2cm",
    "setting_type": "print",
    "description": "",
    "is_active": true,
    "created_at": "2025-05-23T22:34:47.215Z",
    "updated_at": "2025-05-23T22:34:47.215Z"
  }
},
{
  "model": "core.systemsettings",
  "pk": 84,
  "fields": {
    "key": "margin_right",
    "value": "2cm",
    "setting_type": "print",
    "description": "",
    "is_active": true,
    "created_at": "2025-05-23T22:34:47.256Z",
    "updated_at": "2025-05-23T22:34:47.256Z"
  }
},
{
  "model": "core.systemsettings",
  "pk": 85,
  "fields": {
    "key": "include_header",
    "value": "true",
    "setting_type": "print",
    "description": "",
    "is_active": true,
    "created_at": "2025-05-23T22:34:47.277Z",
    "updated_at": "2025-05-23T22:34:47.278Z"
  }
},
{
  "model": "core.systemsettings",
  "pk": 86,
  "fields": {
    "key": "include_footer",
    "value": "true",
    "setting_type": "print",
    "description": "",
    "is_active": true,
    "created_at": "2025-05-23T22:34:47.289Z",
    "updated_at": "2025-05-23T22:34:47.289Z"
  }
},
{
  "model": "core.systemsettings",
  "pk": 87,
  "fields": {
    "key": "header_height",
    "value": "1.5cm",
    "setting_type": "print",
    "description": "",
    "is_active": true,
    "created_at": "2025-05-23T22:34:47.311Z",
    "updated_at": "2025-05-23T22:34:47.311Z"
  }
},
{
  "model": "core.systemsettings",
  "pk": 88,
  "fields": {
    "key": "footer_height",
    "value": "1cm",
    "setting_type": "print",
    "description": "",
    "is_active": true,
    "created_at": "2025-05-23T22:34:47.336Z",
    "updated_at": "2025-05-23T22:34:47.337Z"
  }
},
{
  "model": "core.systemsettings",
  "pk": 89,
  "fields": {
    "key": "font_size_print",
    "value": "12pt",
    "setting_type": "print",
    "description": "",
    "is_active": true,
    "created_at": "2025-05-23T22:34:47.363Z",
    "updated_at": "2025-05-23T22:34:47.363Z"
  }
},
{
  "model": "core.systemsettings",
  "pk": 90,
  "fields": {
    "key": "line_height",
    "value": "1.5",
    "setting_type": "print",
    "description": "",
    "is_active": true,
    "created_at": "2025-05-23T22:34:47.378Z",
    "updated_at": "2025-05-23T22:34:47.378Z"
  }
},
{
  "model": "core.systemsettings",
  "pk": 91,
  "fields": {
    "key": "success_message_duration",
    "value": "5000",
    "setting_type": "messages",
    "description": "",
    "is_active": true,
    "created_at": "2025-05-23T22:34:47.386Z",
    "updated_at": "2025-05-23T22:34:47.386Z"
  }
},
{
  "model": "core.systemsettings",
  "pk": 92,
  "fields": {
    "key": "error_message_duration",
    "value": "8000",
    "setting_type": "messages",
    "description": "",
    "is_active": true,
    "created_at": "2025-05-23T22:34:47.400Z",
    "updated_at": "2025-05-23T22:34:47.400Z"
  }
},
{
  "model": "core.systemsettings",
  "pk": 93,
  "fields": {
    "key": "warning_message_duration",
    "value": "6000",
    "setting_type": "messages",
    "description": "",
    "is_active": true,
    "created_at": "2025-05-23T22:34:47.410Z",
    "updated_at": "2025-05-23T22:34:47.410Z"
  }
},
{
  "model": "core.systemsettings",
  "pk": 94,
  "fields": {
    "key": "info_message_duration",
    "value": "4000",
    "setting_type": "messages",
    "description": "",
    "is_active": true,
    "created_at": "2025-05-23T22:34:47.423Z",
    "updated_at": "2025-05-23T22:34:47.423Z"
  }
},
{
  "model": "core.systemsettings",
  "pk": 95,
  "fields": {
    "key": "auto_dismiss_messages",
    "value": "true",
    "setting_type": "messages",
    "description": "",
    "is_active": true,
    "created_at": "2025-05-23T22:34:47.433Z",
    "updated_at": "2025-05-23T22:34:47.433Z"
  }
},
{
  "model": "core.systemsettings",
  "pk": 96,
  "fields": {
    "key": "show_message_icons",
    "value": "true",
    "setting_type": "messages",
    "description": "",
    "is_active": true,
    "created_at": "2025-05-23T22:34:47.443Z",
    "updated_at": "2025-05-23T22:34:47.443Z"
  }
},
{
  "model": "core.systemsettings",
  "pk": 97,
  "fields": {
    "key": "message_position",
    "value": "top-right",
    "setting_type": "messages",
    "description": "",
    "is_active": true,
    "created_at": "2025-05-23T22:34:47.450Z",
    "updated_at": "2025-05-23T22:34:47.450Z"
  }
},
{
  "model": "core.systemsettings",
  "pk": 98,
  "fields": {
    "key": "default_export_format",
    "value": "xlsx",
    "setting_type": "export",
    "description": "",
    "is_active": true,
    "created_at": "2025-05-23T22:34:47.461Z",
    "updated_at": "2025-05-23T22:34:47.461Z"
  }
},
{
  "model": "core.systemsettings",
  "pk": 99,
  "fields": {
    "key": "available_formats",
    "value": "xlsx,csv,pdf",
    "setting_type": "export",
    "description": "",
    "is_active": true,
    "created_at": "2025-05-23T22:34:47.469Z",
    "updated_at": "2025-05-23T22:34:47.469Z"
  }
},
{
  "model": "core.systemsettings",
  "pk": 100,
  "fields": {
    "key": "max_export_rows",
    "value": "10000",
    "setting_type": "export",
    "description": "",
    "is_active": true,
    "created_at": "2025-05-23T22:34:47.478Z",
    "updated_at": "2025-05-23T22:34:47.478Z"
  }
},
{
  "model": "core.systemsettings",
  "pk": 101,
  "fields": {
    "key": "include_timestamps",
    "value": "true",
    "setting_type": "export",
    "description": "",
    "is_active": true,
    "created_at": "2025-05-23T22:34:47.485Z",
    "updated_at": "2025-05-23T22:34:47.485Z"
  }
},
{
  "model": "core.systemsettings",
  "pk": 102,
  "fields": {
    "key": "date_format_export",
    "value": "Y-m-d",
    "setting_type": "export",
    "description": "",
    "is_active": true,
    "created_at": "2025-05-23T22:34:47.495Z",
    "updated_at": "2025-05-23T22:34:47.495Z"
  }
},
{
  "model": "core.systemsettings",
  "pk": 103,
  "fields": {
    "key": "time_format_export",
    "value": "H:i:s",
    "setting_type": "export",
    "description": "",
    "is_active": true,
    "created_at": "2025-05-23T22:34:47.501Z",
    "updated_at": "2025-05-23T22:34:47.501Z"
  }
},
{
  "model": "core.systemsettings",
  "pk": 104,
  "fields": {
    "key": "csv_delimiter",
    "value": ",",
    "setting_type": "export",
    "description": "",
    "is_active": true,
    "created_at": "2025-05-23T22:34:47.510Z",
    "updated_at": "2025-05-23T22:34:47.510Z"
  }
},
{
  "model": "core.systemsettings",
  "pk": 105,
  "fields": {
    "key": "csv_encoding",
    "value": "utf-8",
    "setting_type": "export",
    "description": "",
    "is_active": true,
    "created_at": "2025-05-23T22:34:47.517Z",
    "updated_at": "2025-05-23T22:34:47.517Z"
  }
},
{
  "model": "core.systemsettings",
  "pk": 106,
  "fields": {
    "key": "cache_timeout_default",
    "value": "3600",
    "setting_type": "cache",
    "description": "",
    "is_active": true,
    "created_at": "2025-05-23T22:34:47.526Z",
    "updated_at": "2025-05-23T22:34:47.526Z"
  }
},
{
  "model": "core.systemsettings",
  "pk": 107,
  "fields": {
    "key": "cache_timeout_settings",
    "value": "7200",
    "setting_type": "cache",
    "description": "",
    "is_active": true,
    "created_at": "2025-05-23T22:34:47.534Z",
    "updated_at": "2025-05-23T22:34:47.534Z"
  }
},
{
  "model": "core.systemsettings",
  "pk": 108,
  "fields": {
    "key": "cache_timeout_reports",
    "value": "1800",
    "setting_type": "cache",
    "description": "",
    "is_active": true,
    "created_at": "2025-05-23T22:34:47.542Z",
    "updated_at": "2025-05-23T22:34:47.542Z"
  }
},
{
  "model": "core.systemsettings",
  "pk": 109,
  "fields": {
    "key": "cache_timeout_statistics",
    "value": "900",
    "setting_type": "cache",
    "description": "",
    "is_active": true,
    "created_at": "2025-05-23T22:34:47.553Z",
    "updated_at": "2025-05-23T22:34:47.553Z"
  }
},
{
  "model": "core.systemsettings",
  "pk": 110,
  "fields": {
    "key": "enable_cache",
    "value": "true",
    "setting_type": "cache",
    "description": "",
    "is_active": true,
    "created_at": "2025-05-23T22:34:47.565Z",
    "updated_at": "2025-05-23T22:34:47.565Z"
  }
},
{
  "model": "core.systemsettings",
  "pk": 111,
  "fields": {
    "key": "cache_key_prefix",
    "value": "sclive_",
    "setting_type": "cache",
    "description": "",
    "is_active": true,
    "created_at": "2025-05-23T22:34:47.577Z",
    "updated_at": "2025-05-23T22:34:47.578Z"
  }
},
{
  "model": "core.userprofile",
  "pk": 1,
  "fields": {
    "user": [
      "admin"
    ],
    "avatar": "avatars/almoasah.jpg",
    "phone": "772772772",
    "address": "",
    "birth_date": "2025-05-24",
    "theme": "light",
    "language": "ar",
    "items_per_page": 25,
    "email_notifications": true,
    "sms_notifications": false,
    "two_factor_enabled": false,
    "last_password_change": null,
    "created_at": "2025-05-23T22:51:42.460Z",
    "updated_at": "2025-05-23T22:52:23.348Z"
  }
},
{
  "model": "core.backuprecord",
  "pk": 1,
  "fields": {
    "name": "backup1",
    "backup_type": "full",
    "file_path": "",
    "file_size": 0,
    "status": "failed",
    "created_by": [
      "admin"
    ],
    "started_at": "2025-05-23T22:53:34.766Z",
    "completed_at": "2025-05-23T22:53:37.923Z",
    "description": "",
    "error_message": "Object of type datetime is not JSON serializable",
    "is_scheduled": false,
    "created_at": "2025-05-23T22:53:34.761Z"
  }
},
{
  "model": "core.backuprecord",
  "pk": 2,
  "fields": {
    "name": "backup2",
    "backup_type": "full",
    "file_path": "",
    "file_size": 0,
    "status": "failed",
    "created_by": [
      "admin"
    ],
    "started_at": "2025-05-23T23:07:51.971Z",
    "completed_at": "2025-05-23T23:07:53.311Z",
    "description": "",
    "error_message": "Object of type datetime is not JSON serializable",
    "is_scheduled": false,
    "created_at": "2025-05-23T23:07:51.958Z"
  }
},
{
  "model": "core.backuprecord",
  "pk": 3,
  "fields": {
    "name": "b",
    "backup_type": "full",
    "file_path": "",
    "file_size": 0,
    "status": "failed",
    "created_by": [
      "admin"
    ],
    "started_at": "2025-05-23T23:38:11.352Z",
    "completed_at": "2025-05-23T23:38:13.760Z",
    "description": "",
    "error_message": "Object of type datetime is not JSON serializable",
    "is_scheduled": false,
    "created_at": "2025-05-23T23:38:11.265Z"
  }
},
{
  "model": "core.backuprecord",
  "pk": 4,
  "fields": {
    "name": "b2",
    "backup_type": "data",
    "file_path": "",
    "file_size": 0,
    "status": "running",
    "created_by": [
      "admin"
    ],
    "started_at": "2025-05-23T23:39:05.873Z",
    "completed_at": null,
    "description": "",
    "error_message": "",
    "is_scheduled": false,
    "created_at": "2025-05-23T23:39:05.869Z"
  }
},
{
  "model": "core.backuprecord",
  "pk": 5,
  "fields": {
    "name": "test_backup",
    "backup_type": "data",
    "file_path": "",
    "file_size": 0,
    "status": "running",
    "created_by": [
      "admin"
    ],
    "started_at": "2025-05-24T00:07:14.716Z",
    "completed_at": null,
    "description": "Test backup",
    "error_message": "",
    "is_scheduled": false,
    "created_at": "2025-05-24T00:07:14.713Z"
  }
}
]
